<?xml version='1.0' encoding='utf-8'?>
<kml xmlns="http://www.opengis.net/kml/2.2">
  <Document>
    <name>Incendios activos España</name>
    <Style id="pink">
      <IconStyle>
        <scale>1.0</scale>
        <Icon>
          <href>https://andreasolanorosique-lab.github.io/Incendios-Espana-v2/icons/fire_pink.png</href>
        </Icon>
      </IconStyle>
      <LabelStyle>
        <scale>0</scale>
      </LabelStyle>
    </Style>
    <Style id="green">
      <IconStyle>
        <scale>1.0</scale>
        <Icon>
          <href>https://andreasolanorosique-lab.github.io/Incendios-Espana-v2/icons/fire_green.png</href>
        </Icon>
      </IconStyle>
      <LabelStyle>
        <scale>0</scale>
      </LabelStyle>
    </Style>
    <Style id="yellow">
      <IconStyle>
        <scale>1.0</scale>
        <Icon>
          <href>https://andreasolanorosique-lab.github.io/Incendios-Espana-v2/icons/fire_yellow.png</href>
        </Icon>
      </IconStyle>
      <LabelStyle>
        <scale>0</scale>
      </LabelStyle>
    </Style>
    <Style id="orange">
      <IconStyle>
        <scale>1.0</scale>
        <Icon>
          <href>https://andreasolanorosique-lab.github.io/Incendios-Espana-v2/icons/fire_orange.png</href>
        </Icon>
      </IconStyle>
      <LabelStyle>
        <scale>0</scale>
      </LabelStyle>
    </Style>
    <Style id="red">
      <IconStyle>
        <scale>1.0</scale>
        <Icon>
          <href>https://andreasolanorosique-lab.github.io/Incendios-Espana-v2/icons/fire_red.png</href>
        </Icon>
      </IconStyle>
      <LabelStyle>
        <scale>0</scale>
      </LabelStyle>
    </Style>
    <Style id="area_amarilla">
      <LineStyle>
        <color>ff00ffff</color>
        <width>2</width>
      </LineStyle>
      <PolyStyle>
        <color>5500ffff</color>
      </PolyStyle>
    </Style>
    <Placemark>
      <styleUrl>#area_amarilla</styleUrl>
      <Polygon>
        <outerBoundaryIs>
          <LinearRing>
            <coordinates>1.76518,42.695478982408886,0 1.7654987189462397,42.69545848789315,0 1.765807753163368,42.695397627101315,0 1.7660977122620767,42.69529824937253,0 1.7663597855803452,42.69516337442464,0 1.766586009939381,42.69499710058043,0 1.7667695116265423,42.69480448021607,0 1.7669047152496096,42.6945913662196,0 1.7669875131164776,42.694364234127775,0 1.7670153899968588,42.69412998534906,0 1.7669874994810264,42.69389573745391,0 1.766904689623344,42.693668607906204,0 1.766769477100368,42.69345549780752,0 1.7665859706776643,42.69326288222453,0 1.7663597463186287,42.69309661346854,0 1.7660976777359025,42.692961743302014,0 1.7658077275371025,42.69286236947104,0 1.7654987053107887,42.69280151122331,0 1.76518,42.69278101759113,0 1.7648612946892113,42.69280151122331,0 1.7645522724628975,42.69286236947104,0 1.7642623222640974,42.692961743302014,0 1.7640002536813713,42.69309661346854,0 1.7637740293223356,42.69326288222453,0 1.763590522899632,42.69345549780752,0 1.763455310376656,42.693668607906204,0 1.7633725005189735,42.69389573745391,0 1.7633446100031411,42.69412998534906,0 1.7633724868835223,42.694364234127775,0 1.7634552847503904,42.6945913662196,0 1.7635904883734579,42.69480448021607,0 1.763773990060619,42.69499710058043,0 1.7640002144196547,42.69516337442464,0 1.7642622877379235,42.69529824937253,0 1.764552246836632,42.695397627101315,0 1.7648612810537603,42.69545848789315,0 1.76518,42.695478982408886,0</coordinates>
          </LinearRing>
        </outerBoundaryIs>
      </Polygon>
    </Placemark>
    <Placemark>
      <styleUrl>#pink</styleUrl>
      <name />
      <description>
    &lt;![CDATA[
    &lt;h2&gt;🔥 Incendio activo&lt;/h2&gt;

    &lt;table border="0" cellpadding="4"&gt;

        &lt;tr&gt;
            &lt;td&gt;&lt;b&gt;Focos agrupados&lt;/b&gt;&lt;/td&gt;
            &lt;td&gt;1&lt;/td&gt;
        &lt;/tr&gt;

        &lt;tr&gt;
            &lt;td&gt;&lt;b&gt;FRP máximo&lt;/b&gt;&lt;/td&gt;
            &lt;td&gt;2.7 MW&lt;/td&gt;
        &lt;/tr&gt;

        &lt;tr&gt;
            &lt;td&gt;&lt;b&gt;Confianza&lt;/b&gt;&lt;/td&gt;
            &lt;td&gt;Baja&lt;/td&gt;
        &lt;/tr&gt;

        &lt;tr&gt;
            &lt;td&gt;&lt;b&gt;Fecha&lt;/b&gt;&lt;/td&gt;
            &lt;td&gt;2026-09-28&lt;/td&gt;
        &lt;/tr&gt;

        &lt;tr&gt;
            &lt;td&gt;&lt;b&gt;Hora&lt;/b&gt;&lt;/td&gt;
            &lt;td&gt;56 UTC&lt;/td&gt;
        &lt;/tr&gt;

        &lt;tr&gt;
            &lt;td&gt;&lt;b&gt;Satélite&lt;/b&gt;&lt;/td&gt;
            &lt;td&gt;N21&lt;/td&gt;
        &lt;/tr&gt;

        &lt;tr&gt;
            &lt;td&gt;&lt;b&gt;Instrumento&lt;/b&gt;&lt;/td&gt;
            &lt;td&gt;VIIRS&lt;/td&gt;
        &lt;/tr&gt;

        &lt;tr&gt;
            &lt;td&gt;&lt;b&gt;Población más cercana&lt;/b&gt;&lt;/td&gt;
            &lt;td&gt;Meranges&lt;/td&gt;
        &lt;/tr&gt;

        &lt;tr&gt;
            &lt;td&gt;&lt;b&gt;Distancia&lt;/b&gt;&lt;/td&gt;
            &lt;td&gt;27.5 km&lt;/td&gt;
        &lt;/tr&gt;

        &lt;tr&gt;
            &lt;td&gt;&lt;b&gt;Latitud&lt;/b&gt;&lt;/td&gt;
            &lt;td&gt;42.694130&lt;/td&gt;
        &lt;/tr&gt;

        &lt;tr&gt;
            &lt;td&gt;&lt;b&gt;Longitud&lt;/b&gt;&lt;/td&gt;
            &lt;td&gt;1.765180&lt;/td&gt;
        &lt;/tr&gt;

    &lt;/table&gt;

    ]]&gt;
    </description>
      <Point>
        <coordinates>1.76518,42.69413,0</coordinates>
      </Point>
    </Placemark>
    <Placemark>
      <styleUrl>#area_amarilla</styleUrl>
      <Polygon>
        <outerBoundaryIs>
          <LinearRing>
            <coordinates>1.76099,42.69563898240889,0 1.7613087197674098,42.69561848789314,0 1.761617754780752,42.6955576271013,0 1.7619077146265218,42.6954582493725,0 1.7621697886199965,42.695323374424596,0 1.7623960135618655,42.695157100580374,0 1.7625795157217778,42.694964480216,0 1.7627147196931523,42.69475136621951,0 1.762797517773303,42.69452423412769,0 1.7628253947254668,42.69428998534897,0 1.7627975041377404,42.69405573745382,0 1.7627146940666771,42.69382860790612,0 1.7625794811953213,42.69361549780746,0 1.7623959742998276,42.69342288222448,0 1.7621697493579587,42.693256613468506,0 1.7619076801000655,42.693121743301994,0 1.761617729154277,42.69302236947102,0 1.7613087061318473,42.692961511223295,0 1.76099,42.692941017591124,0 1.7606712938681528,42.692961511223295,0 1.7603622708457232,42.69302236947102,0 1.7600723198999346,42.693121743301994,0 1.7598102506420414,42.693256613468506,0 1.7595840257001725,42.69342288222448,0 1.7594005188046788,42.69361549780746,0 1.759265305933323,42.69382860790612,0 1.7591824958622597,42.69405573745382,0 1.7591546052745333,42.69428998534897,0 1.759182482226697,42.69452423412769,0 1.7592652803068478,42.69475136621951,0 1.7594004842782223,42.694964480216,0 1.7595839864381346,42.695157100580374,0 1.7598102113800036,42.695323374424596,0 1.7600722853734783,42.6954582493725,0 1.760362245219248,42.6955576271013,0 1.7606712802325903,42.69561848789314,0 1.76099,42.69563898240889,0</coordinates>
          </LinearRing>
        </outerBoundaryIs>
      </Polygon>
    </Placemark>
    <Placemark>
      <styleUrl>#pink</styleUrl>
      <name />
      <description>
    &lt;![CDATA[
    &lt;h2&gt;🔥 Incendio activo&lt;/h2&gt;

    &lt;table border="0" cellpadding="4"&gt;

        &lt;tr&gt;
            &lt;td&gt;&lt;b&gt;Focos agrupados&lt;/b&gt;&lt;/td&gt;
            &lt;td&gt;1&lt;/td&gt;
        &lt;/tr&gt;

        &lt;tr&gt;
            &lt;td&gt;&lt;b&gt;FRP máximo&lt;/b&gt;&lt;/td&gt;
            &lt;td&gt;2.7 MW&lt;/td&gt;
        &lt;/tr&gt;

        &lt;tr&gt;
            &lt;td&gt;&lt;b&gt;Confianza&lt;/b&gt;&lt;/td&gt;
            &lt;td&gt;Baja&lt;/td&gt;
        &lt;/tr&gt;

        &lt;tr&gt;
            &lt;td&gt;&lt;b&gt;Fecha&lt;/b&gt;&lt;/td&gt;
            &lt;td&gt;2026-09-28&lt;/td&gt;
        &lt;/tr&gt;

        &lt;tr&gt;
            &lt;td&gt;&lt;b&gt;Hora&lt;/b&gt;&lt;/td&gt;
            &lt;td&gt;56 UTC&lt;/td&gt;
        &lt;/tr&gt;

        &lt;tr&gt;
            &lt;td&gt;&lt;b&gt;Satélite&lt;/b&gt;&lt;/td&gt;
            &lt;td&gt;N21&lt;/td&gt;
        &lt;/tr&gt;

        &lt;tr&gt;
            &lt;td&gt;&lt;b&gt;Instrumento&lt;/b&gt;&lt;/td&gt;
            &lt;td&gt;VIIRS&lt;/td&gt;
        &lt;/tr&gt;

        &lt;tr&gt;
            &lt;td&gt;&lt;b&gt;Población más cercana&lt;/b&gt;&lt;/td&gt;
            &lt;td&gt;Meranges&lt;/td&gt;
        &lt;/tr&gt;

        &lt;tr&gt;
            &lt;td&gt;&lt;b&gt;Distancia&lt;/b&gt;&lt;/td&gt;
            &lt;td&gt;27.6 km&lt;/td&gt;
        &lt;/tr&gt;

        &lt;tr&gt;
            &lt;td&gt;&lt;b&gt;Latitud&lt;/b&gt;&lt;/td&gt;
            &lt;td&gt;42.694290&lt;/td&gt;
        &lt;/tr&gt;

        &lt;tr&gt;
            &lt;td&gt;&lt;b&gt;Longitud&lt;/b&gt;&lt;/td&gt;
            &lt;td&gt;1.760990&lt;/td&gt;
        &lt;/tr&gt;

    &lt;/table&gt;

    ]]&gt;
    </description>
      <Point>
        <coordinates>1.76099,42.69429,0</coordinates>
      </Point>
    </Placemark>
    <Placemark>
      <styleUrl>#area_amarilla</styleUrl>
      <Polygon>
        <outerBoundaryIs>
          <LinearRing>
            <coordinates>1.75627,42.69581898240888,0 1.7565887206912338,42.69579848789314,0 1.7568977566003248,42.69573762710129,0 1.7571877172865458,42.69563824937248,0 1.7574497920396337,42.69550337442456,0 1.7576760176371957,42.69533710058032,0 1.7578595203289582,42.69514448021594,0 1.7579947246921812,42.694931366219436,0 1.7580775230122772,42.69470423412759,0 1.7581054000451968,42.69446998534888,0 1.758077509376589,42.69423573745374,0 1.7579946990654702,42.69400860790604,0 1.7578594858021839,42.693795497807386,0 1.7576759783747966,42.69360288222443,0 1.7574497527772346,42.69343661346847,0 1.7571876827597714,42.69330174330197,0 1.756897730973614,42.693202369471,0 1.756588707055546,42.693141511223295,0 1.75627,42.69312101759113,0 1.7559512929444543,42.693141511223295,0 1.7556422690263862,42.693202369471,0 1.7553523172402286,42.69330174330197,0 1.7550902472227654,42.69343661346847,0 1.7548640216252034,42.69360288222443,0 1.7546805141978163,42.693795497807386,0 1.7545453009345298,42.69400860790604,0 1.754462490623411,42.69423573745374,0 1.7544345999548032,42.69446998534888,0 1.7544624769877228,42.69470423412759,0 1.7545452753078188,42.694931366219436,0 1.754680479671042,42.69514448021594,0 1.7548639823628045,42.69533710058032,0 1.7550902079603665,42.69550337442456,0 1.7553522827134542,42.69563824937248,0 1.7556422433996752,42.69573762710129,0 1.7559512793087664,42.69579848789314,0 1.75627,42.69581898240888,0</coordinates>
          </LinearRing>
        </outerBoundaryIs>
      </Polygon>
    </Placemark>
    <Placemark>
      <styleUrl>#pink</styleUrl>
      <name />
      <description>
    &lt;![CDATA[
    &lt;h2&gt;🔥 Incendio activo&lt;/h2&gt;

    &lt;table border="0" cellpadding="4"&gt;

        &lt;tr&gt;
            &lt;td&gt;&lt;b&gt;Focos agrupados&lt;/b&gt;&lt;/td&gt;
            &lt;td&gt;1&lt;/td&gt;
        &lt;/tr&gt;

        &lt;tr&gt;
            &lt;td&gt;&lt;b&gt;FRP máximo&lt;/b&gt;&lt;/td&gt;
            &lt;td&gt;4.3 MW&lt;/td&gt;
        &lt;/tr&gt;

        &lt;tr&gt;
            &lt;td&gt;&lt;b&gt;Confianza&lt;/b&gt;&lt;/td&gt;
            &lt;td&gt;Baja&lt;/td&gt;
        &lt;/tr&gt;

        &lt;tr&gt;
            &lt;td&gt;&lt;b&gt;Fecha&lt;/b&gt;&lt;/td&gt;
            &lt;td&gt;2026-09-28&lt;/td&gt;
        &lt;/tr&gt;

        &lt;tr&gt;
            &lt;td&gt;&lt;b&gt;Hora&lt;/b&gt;&lt;/td&gt;
            &lt;td&gt;56 UTC&lt;/td&gt;
        &lt;/tr&gt;

        &lt;tr&gt;
            &lt;td&gt;&lt;b&gt;Satélite&lt;/b&gt;&lt;/td&gt;
            &lt;td&gt;N21&lt;/td&gt;
        &lt;/tr&gt;

        &lt;tr&gt;
            &lt;td&gt;&lt;b&gt;Instrumento&lt;/b&gt;&lt;/td&gt;
            &lt;td&gt;VIIRS&lt;/td&gt;
        &lt;/tr&gt;

        &lt;tr&gt;
            &lt;td&gt;&lt;b&gt;Población más cercana&lt;/b&gt;&lt;/td&gt;
            &lt;td&gt;Meranges&lt;/td&gt;
        &lt;/tr&gt;

        &lt;tr&gt;
            &lt;td&gt;&lt;b&gt;Distancia&lt;/b&gt;&lt;/td&gt;
            &lt;td&gt;27.6 km&lt;/td&gt;
        &lt;/tr&gt;

        &lt;tr&gt;
            &lt;td&gt;&lt;b&gt;Latitud&lt;/b&gt;&lt;/td&gt;
            &lt;td&gt;42.694470&lt;/td&gt;
        &lt;/tr&gt;

        &lt;tr&gt;
            &lt;td&gt;&lt;b&gt;Longitud&lt;/b&gt;&lt;/td&gt;
            &lt;td&gt;1.756270&lt;/td&gt;
        &lt;/tr&gt;

    &lt;/table&gt;

    ]]&gt;
    </description>
      <Point>
        <coordinates>1.75627,42.69447,0</coordinates>
      </Point>
    </Placemark>
    <Placemark>
      <styleUrl>#area_amarilla</styleUrl>
      <Polygon>
        <outerBoundaryIs>
          <LinearRing>
            <coordinates>1.76592,42.70115898240888,0 1.7662387481018849,42.70113848789306,0 1.7665478105886,42.70107762710097,0 1.7668377962117234,42.700978249371786,0 1.7670998935031865,42.70084337442342,0 1.7673261385557215,42.70067710057871,0 1.7675096570279252,42.70048448021387,0 1.7676448730176348,42.700271366217,0 1.7677276784571083,42.70004423412494,0 1.7677555578861246,42.699809985346135,0 1.7677276648176972,42.69957573745107,0 1.767644847383927,42.699348607903616,0 1.7675096224917237,42.69913549780533,0 1.7673260992826025,42.69894288222281,0 1.7670998542300675,42.69877661346733,0 1.766837761675522,42.69864174330127,0 1.766547784954892,42.69854236947067,0 1.7662387344624737,42.6984815112232,0 1.76592,42.69846101759112,0 1.7656012655375262,42.6984815112232,0 1.7652922150451076,42.69854236947067,0 1.7650022383244777,42.69864174330127,0 1.7647401457699323,42.69877661346733,0 1.7645139007173973,42.69894288222281,0 1.7643303775082761,42.69913549780533,0 1.7641951526160726,42.699348607903616,0 1.7641123351823027,42.69957573745107,0 1.764084442113875,42.699809985346135,0 1.7641123215428913,42.70004423412494,0 1.7641951269823648,42.700271366217,0 1.7643303429720747,42.70048448021387,0 1.7645138614442781,42.70067710057871,0 1.7647401064968131,42.70084337442342,0 1.7650022037882764,42.700978249371786,0 1.7652921894113995,42.70107762710097,0 1.765601251898115,42.70113848789306,0 1.76592,42.70115898240888,0</coordinates>
          </LinearRing>
        </outerBoundaryIs>
      </Polygon>
    </Placemark>
    <Placemark>
      <styleUrl>#pink</styleUrl>
      <name />
      <description>
    &lt;![CDATA[
    &lt;h2&gt;🔥 Incendio activo&lt;/h2&gt;

    &lt;table border="0" cellpadding="4"&gt;

        &lt;tr&gt;
            &lt;td&gt;&lt;b&gt;Focos agrupados&lt;/b&gt;&lt;/td&gt;
            &lt;td&gt;1&lt;/td&gt;
        &lt;/tr&gt;

        &lt;tr&gt;
            &lt;td&gt;&lt;b&gt;FRP máximo&lt;/b&gt;&lt;/td&gt;
            &lt;td&gt;2.7 MW&lt;/td&gt;
        &lt;/tr&gt;

        &lt;tr&gt;
            &lt;td&gt;&lt;b&gt;Confianza&lt;/b&gt;&lt;/td&gt;
            &lt;td&gt;Baja&lt;/td&gt;
        &lt;/tr&gt;

        &lt;tr&gt;
            &lt;td&gt;&lt;b&gt;Fecha&lt;/b&gt;&lt;/td&gt;
            &lt;td&gt;2026-09-28&lt;/td&gt;
        &lt;/tr&gt;

        &lt;tr&gt;
            &lt;td&gt;&lt;b&gt;Hora&lt;/b&gt;&lt;/td&gt;
            &lt;td&gt;56 UTC&lt;/td&gt;
        &lt;/tr&gt;

        &lt;tr&gt;
            &lt;td&gt;&lt;b&gt;Satélite&lt;/b&gt;&lt;/td&gt;
            &lt;td&gt;N21&lt;/td&gt;
        &lt;/tr&gt;

        &lt;tr&gt;
            &lt;td&gt;&lt;b&gt;Instrumento&lt;/b&gt;&lt;/td&gt;
            &lt;td&gt;VIIRS&lt;/td&gt;
        &lt;/tr&gt;

        &lt;tr&gt;
            &lt;td&gt;&lt;b&gt;Población más cercana&lt;/b&gt;&lt;/td&gt;
            &lt;td&gt;Meranges&lt;/td&gt;
        &lt;/tr&gt;

        &lt;tr&gt;
            &lt;td&gt;&lt;b&gt;Distancia&lt;/b&gt;&lt;/td&gt;
            &lt;td&gt;28.2 km&lt;/td&gt;
        &lt;/tr&gt;

        &lt;tr&gt;
            &lt;td&gt;&lt;b&gt;Latitud&lt;/b&gt;&lt;/td&gt;
            &lt;td&gt;42.699810&lt;/td&gt;
        &lt;/tr&gt;

        &lt;tr&gt;
            &lt;td&gt;&lt;b&gt;Longitud&lt;/b&gt;&lt;/td&gt;
            &lt;td&gt;1.765920&lt;/td&gt;
        &lt;/tr&gt;

    &lt;/table&gt;

    ]]&gt;
    </description>
      <Point>
        <coordinates>1.76592,42.69981,0</coordinates>
      </Point>
    </Placemark>
    <Placemark>
      <styleUrl>#area_amarilla</styleUrl>
      <Polygon>
        <outerBoundaryIs>
          <LinearRing>
            <coordinates>1.76146,42.70132898240888,0 1.7617787489746315,42.70130848789306,0 1.7620878123075703,42.701247627100955,0 1.7623777987246765,42.70114824937177,0 1.7626398967337549,42.7010133744234,0 1.76286614240573,42.700847100578656,0 1.7630496613803779,42.700654480213814,0 1.7631848777402714,42.700441366216936,0 1.7632676834064236,42.70021423412486,0 1.763295562911731,42.699979985346054,0 1.763267669766894,42.69974573745099,0 1.763184852106341,42.69951860790355,0 1.7630496268438764,42.69930549780527,0 1.7628661031322697,42.69911288222277,0 1.7626398574602942,42.6989466134673,0 1.762377764188175,42.69881174330126,0 1.7620877866736395,42.69871236947068,0 1.761778735335102,42.69865151122321,0 1.76146,42.698631017591126,0 1.761141264664898,42.69865151122321,0 1.7608322133263605,42.69871236947068,0 1.7605422358118248,42.69881174330126,0 1.7602801425397057,42.6989466134673,0 1.7600538968677304,42.69911288222277,0 1.7598703731561236,42.69930549780527,0 1.7597351478936591,42.69951860790355,0 1.759652330233106,42.69974573745099,0 1.7596244370882688,42.699979985346054,0 1.7596523165935762,42.70021423412486,0 1.7597351222597284,42.700441366216936,0 1.759870338619622,42.700654480213814,0 1.76005385759427,42.700847100578656,0 1.7602801032662452,42.7010133744234,0 1.7605422012753233,42.70114824937177,0 1.7608321876924298,42.701247627100955,0 1.7611412510253683,42.70130848789306,0 1.76146,42.70132898240888,0</coordinates>
          </LinearRing>
        </outerBoundaryIs>
      </Polygon>
    </Placemark>
    <Placemark>
      <styleUrl>#pink</styleUrl>
      <name />
      <description>
    &lt;![CDATA[
    &lt;h2&gt;🔥 Incendio activo&lt;/h2&gt;

    &lt;table border="0" cellpadding="4"&gt;

        &lt;tr&gt;
            &lt;td&gt;&lt;b&gt;Focos agrupados&lt;/b&gt;&lt;/td&gt;
            &lt;td&gt;1&lt;/td&gt;
        &lt;/tr&gt;

        &lt;tr&gt;
            &lt;td&gt;&lt;b&gt;FRP máximo&lt;/b&gt;&lt;/td&gt;
            &lt;td&gt;2.7 MW&lt;/td&gt;
        &lt;/tr&gt;

        &lt;tr&gt;
            &lt;td&gt;&lt;b&gt;Confianza&lt;/b&gt;&lt;/td&gt;
            &lt;td&gt;Baja&lt;/td&gt;
        &lt;/tr&gt;

        &lt;tr&gt;
            &lt;td&gt;&lt;b&gt;Fecha&lt;/b&gt;&lt;/td&gt;
            &lt;td&gt;2026-09-28&lt;/td&gt;
        &lt;/tr&gt;

        &lt;tr&gt;
            &lt;td&gt;&lt;b&gt;Hora&lt;/b&gt;&lt;/td&gt;
            &lt;td&gt;56 UTC&lt;/td&gt;
        &lt;/tr&gt;

        &lt;tr&gt;
            &lt;td&gt;&lt;b&gt;Satélite&lt;/b&gt;&lt;/td&gt;
            &lt;td&gt;N21&lt;/td&gt;
        &lt;/tr&gt;

        &lt;tr&gt;
            &lt;td&gt;&lt;b&gt;Instrumento&lt;/b&gt;&lt;/td&gt;
            &lt;td&gt;VIIRS&lt;/td&gt;
        &lt;/tr&gt;

        &lt;tr&gt;
            &lt;td&gt;&lt;b&gt;Población más cercana&lt;/b&gt;&lt;/td&gt;
            &lt;td&gt;Meranges&lt;/td&gt;
        &lt;/tr&gt;

        &lt;tr&gt;
            &lt;td&gt;&lt;b&gt;Distancia&lt;/b&gt;&lt;/td&gt;
            &lt;td&gt;28.2 km&lt;/td&gt;
        &lt;/tr&gt;

        &lt;tr&gt;
            &lt;td&gt;&lt;b&gt;Latitud&lt;/b&gt;&lt;/td&gt;
            &lt;td&gt;42.699980&lt;/td&gt;
        &lt;/tr&gt;

        &lt;tr&gt;
            &lt;td&gt;&lt;b&gt;Longitud&lt;/b&gt;&lt;/td&gt;
            &lt;td&gt;1.761460&lt;/td&gt;
        &lt;/tr&gt;

    &lt;/table&gt;

    ]]&gt;
    </description>
      <Point>
        <coordinates>1.76146,42.69998,0</coordinates>
      </Point>
    </Placemark>
    <Placemark>
      <styleUrl>#area_amarilla</styleUrl>
      <Polygon>
        <outerBoundaryIs>
          <LinearRing>
            <coordinates>1.9997899999999997,42.708988982408876,0 2.0001087883074407,42.70896848789294,0 2.00041788977784,42.708907627100494,0 2.0007079119780586,42.70880824937078,0 2.0009700423284924,42.70867337442176,0 2.0011963159173063,42.70850710057634,0 2.001379857536038,42.70831448021085,0 2.001515090579314,42.708101366213455,0 2.0015979064613894,42.707874234121036,0 2.0016257894049665,42.70763998534212,0 2.001597892816517,42.70740573744717,0 2.0015150649353424,42.70717860790007,0 2.0013798229860083,42.706965497802315,0 2.0011962766284626,42.706772882220456,0 2.0009700030396482,42.70660661346567,0 2.000707877428029,42.70647174330027,0 2.000417864133868,42.7063723694702,0 2.0001087746625683,42.70631151122308,0 1.9997899999999997,42.70629101759113,0 1.9994712253374314,42.70631151122308,0 1.9991621358661318,42.7063723694702,0 1.9988721225719706,42.70647174330027,0 1.9986099969603515,42.70660661346567,0 1.998383723371537,42.706772882220456,0 1.9982001770139917,42.706965497802315,0 1.9980649350646573,42.70717860790007,0 1.9979821071834827,42.70740573744717,0 1.9979542105950332,42.70763998534212,0 1.9979820935386103,42.707874234121036,0 1.9980649094206853,42.708101366213455,0 1.9982001424639617,42.70831448021085,0 1.9983836840826932,42.70850710057634,0 1.9986099576715073,42.70867337442176,0 1.9988720880219408,42.70880824937078,0 1.9991621102221597,42.708907627100494,0 1.999471211692559,42.70896848789294,0 1.9997899999999997,42.708988982408876,0</coordinates>
          </LinearRing>
        </outerBoundaryIs>
      </Polygon>
    </Placemark>
    <Placemark>
      <styleUrl>#pink</styleUrl>
      <name />
      <description>
    &lt;![CDATA[
    &lt;h2&gt;🔥 Incendio activo&lt;/h2&gt;

    &lt;table border="0" cellpadding="4"&gt;

        &lt;tr&gt;
            &lt;td&gt;&lt;b&gt;Focos agrupados&lt;/b&gt;&lt;/td&gt;
            &lt;td&gt;1&lt;/td&gt;
        &lt;/tr&gt;

        &lt;tr&gt;
            &lt;td&gt;&lt;b&gt;FRP máximo&lt;/b&gt;&lt;/td&gt;
            &lt;td&gt;6.2 MW&lt;/td&gt;
        &lt;/tr&gt;

        &lt;tr&gt;
            &lt;td&gt;&lt;b&gt;Confianza&lt;/b&gt;&lt;/td&gt;
            &lt;td&gt;Baja&lt;/td&gt;
        &lt;/tr&gt;

        &lt;tr&gt;
            &lt;td&gt;&lt;b&gt;Fecha&lt;/b&gt;&lt;/td&gt;
            &lt;td&gt;2026-09-28&lt;/td&gt;
        &lt;/tr&gt;

        &lt;tr&gt;
            &lt;td&gt;&lt;b&gt;Hora&lt;/b&gt;&lt;/td&gt;
            &lt;td&gt;56 UTC&lt;/td&gt;
        &lt;/tr&gt;

        &lt;tr&gt;
            &lt;td&gt;&lt;b&gt;Satélite&lt;/b&gt;&lt;/td&gt;
            &lt;td&gt;N21&lt;/td&gt;
        &lt;/tr&gt;

        &lt;tr&gt;
            &lt;td&gt;&lt;b&gt;Instrumento&lt;/b&gt;&lt;/td&gt;
            &lt;td&gt;VIIRS&lt;/td&gt;
        &lt;/tr&gt;

        &lt;tr&gt;
            &lt;td&gt;&lt;b&gt;Población más cercana&lt;/b&gt;&lt;/td&gt;
            &lt;td&gt;Llívia&lt;/td&gt;
        &lt;/tr&gt;

        &lt;tr&gt;
            &lt;td&gt;&lt;b&gt;Distancia&lt;/b&gt;&lt;/td&gt;
            &lt;td&gt;27.0 km&lt;/td&gt;
        &lt;/tr&gt;

        &lt;tr&gt;
            &lt;td&gt;&lt;b&gt;Latitud&lt;/b&gt;&lt;/td&gt;
            &lt;td&gt;42.707640&lt;/td&gt;
        &lt;/tr&gt;

        &lt;tr&gt;
            &lt;td&gt;&lt;b&gt;Longitud&lt;/b&gt;&lt;/td&gt;
            &lt;td&gt;1.999790&lt;/td&gt;
        &lt;/tr&gt;

    &lt;/table&gt;

    ]]&gt;
    </description>
      <Point>
        <coordinates>1.99979,42.70764,0</coordinates>
      </Point>
    </Placemark>
    <Placemark>
      <styleUrl>#area_amarilla</styleUrl>
      <Polygon>
        <outerBoundaryIs>
          <LinearRing>
            <coordinates>1.9957600000000002,42.70914898240888,0 1.996078789129178,42.70912848789293,0 1.9963878913963413,42.70906762710048,0 1.9966779143441382,42.70896824937076,0 1.996940045370244,42.70883337442172,0 1.9971663195422942,42.70866710057629,0 1.9973498616341037,42.708474480210796,0 1.9974850950259277,42.70826136621338,0 1.9975679111214326,42.70803423412096,0 1.9975957941368419,42.70779998534203,0 1.9975678974764486,42.70756573744709,0 1.9974850693817459,42.70733860789999,0 1.9973498270837913,42.707125497802245,0 1.997166280253129,42.7069328822204,0 1.9969400060810787,42.70676661346564,0 1.9966778797938254,42.70663174330025,0 1.9963878657521599,42.706532369470196,0 1.9960787754841942,42.70647151122308,0 1.9957600000000002,42.706451017591114,0 1.9954412245158062,42.70647151122308,0 1.9951321342478403,42.706532369470196,0 1.9948421202061748,42.70663174330025,0 1.9945799939189217,42.70676661346564,0 1.9943537197468715,42.7069328822204,0 1.994170172916209,42.707125497802245,0 1.9940349306182545,42.70733860789999,0 1.9939521025235518,42.70756573744709,0 1.9939242058631585,42.70779998534203,0 1.9939520888785678,42.70803423412096,0 1.9940349049740727,42.70826136621338,0 1.9941701383658967,42.708474480210796,0 1.994353680457706,42.70866710057629,0 1.9945799546297562,42.70883337442172,0 1.9948420856558622,42.70896824937076,0 1.9951321086036589,42.70906762710048,0 1.9954412108708222,42.70912848789293,0 1.9957600000000002,42.70914898240888,0</coordinates>
          </LinearRing>
        </outerBoundaryIs>
      </Polygon>
    </Placemark>
    <Placemark>
      <styleUrl>#pink</styleUrl>
      <name />
      <description>
    &lt;![CDATA[
    &lt;h2&gt;🔥 Incendio activo&lt;/h2&gt;

    &lt;table border="0" cellpadding="4"&gt;

        &lt;tr&gt;
            &lt;td&gt;&lt;b&gt;Focos agrupados&lt;/b&gt;&lt;/td&gt;
            &lt;td&gt;1&lt;/td&gt;
        &lt;/tr&gt;

        &lt;tr&gt;
            &lt;td&gt;&lt;b&gt;FRP máximo&lt;/b&gt;&lt;/td&gt;
            &lt;td&gt;6.7 MW&lt;/td&gt;
        &lt;/tr&gt;

        &lt;tr&gt;
            &lt;td&gt;&lt;b&gt;Confianza&lt;/b&gt;&lt;/td&gt;
            &lt;td&gt;Baja&lt;/td&gt;
        &lt;/tr&gt;

        &lt;tr&gt;
            &lt;td&gt;&lt;b&gt;Fecha&lt;/b&gt;&lt;/td&gt;
            &lt;td&gt;2026-09-28&lt;/td&gt;
        &lt;/tr&gt;

        &lt;tr&gt;
            &lt;td&gt;&lt;b&gt;Hora&lt;/b&gt;&lt;/td&gt;
            &lt;td&gt;56 UTC&lt;/td&gt;
        &lt;/tr&gt;

        &lt;tr&gt;
            &lt;td&gt;&lt;b&gt;Satélite&lt;/b&gt;&lt;/td&gt;
            &lt;td&gt;N21&lt;/td&gt;
        &lt;/tr&gt;

        &lt;tr&gt;
            &lt;td&gt;&lt;b&gt;Instrumento&lt;/b&gt;&lt;/td&gt;
            &lt;td&gt;VIIRS&lt;/td&gt;
        &lt;/tr&gt;

        &lt;tr&gt;
            &lt;td&gt;&lt;b&gt;Población más cercana&lt;/b&gt;&lt;/td&gt;
            &lt;td&gt;Llívia&lt;/td&gt;
        &lt;/tr&gt;

        &lt;tr&gt;
            &lt;td&gt;&lt;b&gt;Distancia&lt;/b&gt;&lt;/td&gt;
            &lt;td&gt;27.0 km&lt;/td&gt;
        &lt;/tr&gt;

        &lt;tr&gt;
            &lt;td&gt;&lt;b&gt;Latitud&lt;/b&gt;&lt;/td&gt;
            &lt;td&gt;42.707800&lt;/td&gt;
        &lt;/tr&gt;

        &lt;tr&gt;
            &lt;td&gt;&lt;b&gt;Longitud&lt;/b&gt;&lt;/td&gt;
            &lt;td&gt;1.995760&lt;/td&gt;
        &lt;/tr&gt;

    &lt;/table&gt;

    ]]&gt;
    </description>
      <Point>
        <coordinates>1.99576,42.7078,0</coordinates>
      </Point>
    </Placemark>
    <Placemark>
      <styleUrl>#area_amarilla</styleUrl>
      <Polygon>
        <outerBoundaryIs>
          <LinearRing>
            <coordinates>1.9913699999999999,42.70931898240888,0 1.991688790002281,42.709298487892944,0 1.9919978931160138,42.709237627100485,0 1.9922879168581176,42.709138249370746,0 1.992550048602132,42.7090033744217,0 1.9927763233938753,42.708837100576254,0 1.9929598659883345,42.708644480210744,0 1.9930950997504937,42.70843136621332,0 1.99317791607277,42.708204234120885,0 1.9932057991645016,42.707969985341954,0 1.9931779024276675,42.70773573744701,0 1.993095074106089,42.707508607899925,0 1.992959831437722,42.707295497802185,0 1.9927762841043686,42.70710288222036,0 1.992550009312625,42.7069366134656,0 1.9922878823075052,42.70680174330024,0 1.9919978674716092,42.7067023694702,0 1.9916887763571787,42.70664151122308,0 1.9913699999999999,42.706621017591125,0 1.9910512236428213,42.70664151122308,0 1.9907421325283905,42.7067023694702,0 1.9904521176924947,42.70680174330024,0 1.990189990687375,42.7069366134656,0 1.9899637158956314,42.70710288222036,0 1.989780168562278,42.707295497802185,0 1.9896449258939108,42.707508607899925,0 1.9895620975723323,42.70773573744701,0 1.9895342008354984,42.707969985341954,0 1.9895620839272299,42.708204234120885,0 1.9896449002495062,42.70843136621332,0 1.9897801340116654,42.708644480210744,0 1.9899636766061246,42.708837100576254,0 1.990189951397868,42.7090033744217,0 1.9904520831418824,42.709138249370746,0 1.9907421068839861,42.709237627100485,0 1.991051209997719,42.709298487892944,0 1.9913699999999999,42.70931898240888,0</coordinates>
          </LinearRing>
        </outerBoundaryIs>
      </Polygon>
    </Placemark>
    <Placemark>
      <styleUrl>#pink</styleUrl>
      <name />
      <description>
    &lt;![CDATA[
    &lt;h2&gt;🔥 Incendio activo&lt;/h2&gt;

    &lt;table border="0" cellpadding="4"&gt;

        &lt;tr&gt;
            &lt;td&gt;&lt;b&gt;Focos agrupados&lt;/b&gt;&lt;/td&gt;
            &lt;td&gt;1&lt;/td&gt;
        &lt;/tr&gt;

        &lt;tr&gt;
            &lt;td&gt;&lt;b&gt;FRP máximo&lt;/b&gt;&lt;/td&gt;
            &lt;td&gt;6.7 MW&lt;/td&gt;
        &lt;/tr&gt;

        &lt;tr&gt;
            &lt;td&gt;&lt;b&gt;Confianza&lt;/b&gt;&lt;/td&gt;
            &lt;td&gt;Baja&lt;/td&gt;
        &lt;/tr&gt;

        &lt;tr&gt;
            &lt;td&gt;&lt;b&gt;Fecha&lt;/b&gt;&lt;/td&gt;
            &lt;td&gt;2026-09-28&lt;/td&gt;
        &lt;/tr&gt;

        &lt;tr&gt;
            &lt;td&gt;&lt;b&gt;Hora&lt;/b&gt;&lt;/td&gt;
            &lt;td&gt;56 UTC&lt;/td&gt;
        &lt;/tr&gt;

        &lt;tr&gt;
            &lt;td&gt;&lt;b&gt;Satélite&lt;/b&gt;&lt;/td&gt;
            &lt;td&gt;N21&lt;/td&gt;
        &lt;/tr&gt;

        &lt;tr&gt;
            &lt;td&gt;&lt;b&gt;Instrumento&lt;/b&gt;&lt;/td&gt;
            &lt;td&gt;VIIRS&lt;/td&gt;
        &lt;/tr&gt;

        &lt;tr&gt;
            &lt;td&gt;&lt;b&gt;Población más cercana&lt;/b&gt;&lt;/td&gt;
            &lt;td&gt;Llívia&lt;/td&gt;
        &lt;/tr&gt;

        &lt;tr&gt;
            &lt;td&gt;&lt;b&gt;Distancia&lt;/b&gt;&lt;/td&gt;
            &lt;td&gt;27.1 km&lt;/td&gt;
        &lt;/tr&gt;

        &lt;tr&gt;
            &lt;td&gt;&lt;b&gt;Latitud&lt;/b&gt;&lt;/td&gt;
            &lt;td&gt;42.707970&lt;/td&gt;
        &lt;/tr&gt;

        &lt;tr&gt;
            &lt;td&gt;&lt;b&gt;Longitud&lt;/b&gt;&lt;/td&gt;
            &lt;td&gt;1.991370&lt;/td&gt;
        &lt;/tr&gt;

    &lt;/table&gt;

    ]]&gt;
    </description>
      <Point>
        <coordinates>1.99137,42.70797,0</coordinates>
      </Point>
    </Placemark>
    <Placemark>
      <styleUrl>#area_amarilla</styleUrl>
      <Polygon>
        <outerBoundaryIs>
          <LinearRing>
            <coordinates>1.50127,42.903058982408886,0 1.501589789983679,42.90303848788992,0 1.5018998626887456,42.90297762708881,0 1.5021907961661847,42.9028782493458,0 1.502453750143683,42.90274337438047,0 1.5026807346817812,42.90257710051771,0 1.5028648529701822,42.90238448013592,0 1.503000510883832,42.90217136612522,0 1.5030835869315244,42.90194423402413,0 1.5031115574363652,42.90170998524219,0 1.503083573150465,42.90147573735027,0 1.5030004849839127,42.90124860781183,0 1.502864818075315,42.90103549772737,0 1.5026806950008025,42.90084288216182,0 1.502453710462704,42.90067661342439,0 1.5021907612713177,42.900541743275305,0 1.501899836788826,42.900442369458524,0 1.5015897762026196,42.900381511220075,0 1.50127,42.900361017591116,0 1.5009502237973809,42.900381511220075,0 1.5006401632111743,42.900442369458524,0 1.5003492387286828,42.900541743275305,0 1.5000862895372964,42.90067661342439,0 1.499859304999198,42.90084288216182,0 1.4996751819246854,42.90103549772737,0 1.4995395150160877,42.90124860781183,0 1.4994564268495354,42.90147573735027,0 1.4994284425636353,42.90170998524219,0 1.499456413068476,42.90194423402413,0 1.4995394891161682,42.90217136612522,0 1.4996751470298182,42.90238448013592,0 1.4998592653182192,42.90257710051771,0 1.5000862498563174,42.90274337438047,0 1.5003492038338158,42.9028782493458,0 1.5006401373112548,42.90297762708881,0 1.5009502100163215,42.90303848788992,0 1.50127,42.903058982408886,0</coordinates>
          </LinearRing>
        </outerBoundaryIs>
      </Polygon>
    </Placemark>
    <Placemark>
      <styleUrl>#pink</styleUrl>
      <name />
      <description>
    &lt;![CDATA[
    &lt;h2&gt;🔥 Incendio activo&lt;/h2&gt;

    &lt;table border="0" cellpadding="4"&gt;

        &lt;tr&gt;
            &lt;td&gt;&lt;b&gt;Focos agrupados&lt;/b&gt;&lt;/td&gt;
            &lt;td&gt;1&lt;/td&gt;
        &lt;/tr&gt;

        &lt;tr&gt;
            &lt;td&gt;&lt;b&gt;FRP máximo&lt;/b&gt;&lt;/td&gt;
            &lt;td&gt;9.5 MW&lt;/td&gt;
        &lt;/tr&gt;

        &lt;tr&gt;
            &lt;td&gt;&lt;b&gt;Confianza&lt;/b&gt;&lt;/td&gt;
            &lt;td&gt;Baja&lt;/td&gt;
        &lt;/tr&gt;

        &lt;tr&gt;
            &lt;td&gt;&lt;b&gt;Fecha&lt;/b&gt;&lt;/td&gt;
            &lt;td&gt;2026-09-28&lt;/td&gt;
        &lt;/tr&gt;

        &lt;tr&gt;
            &lt;td&gt;&lt;b&gt;Hora&lt;/b&gt;&lt;/td&gt;
            &lt;td&gt;56 UTC&lt;/td&gt;
        &lt;/tr&gt;

        &lt;tr&gt;
            &lt;td&gt;&lt;b&gt;Satélite&lt;/b&gt;&lt;/td&gt;
            &lt;td&gt;N21&lt;/td&gt;
        &lt;/tr&gt;

        &lt;tr&gt;
            &lt;td&gt;&lt;b&gt;Instrumento&lt;/b&gt;&lt;/td&gt;
            &lt;td&gt;VIIRS&lt;/td&gt;
        &lt;/tr&gt;

        &lt;tr&gt;
            &lt;td&gt;&lt;b&gt;Población más cercana&lt;/b&gt;&lt;/td&gt;
            &lt;td&gt;Lladorre&lt;/td&gt;
        &lt;/tr&gt;

        &lt;tr&gt;
            &lt;td&gt;&lt;b&gt;Distancia&lt;/b&gt;&lt;/td&gt;
            &lt;td&gt;37.3 km&lt;/td&gt;
        &lt;/tr&gt;

        &lt;tr&gt;
            &lt;td&gt;&lt;b&gt;Latitud&lt;/b&gt;&lt;/td&gt;
            &lt;td&gt;42.901710&lt;/td&gt;
        &lt;/tr&gt;

        &lt;tr&gt;
            &lt;td&gt;&lt;b&gt;Longitud&lt;/b&gt;&lt;/td&gt;
            &lt;td&gt;1.501270&lt;/td&gt;
        &lt;/tr&gt;

    &lt;/table&gt;

    ]]&gt;
    </description>
      <Point>
        <coordinates>1.50127,42.90171,0</coordinates>
      </Point>
    </Placemark>
    <Placemark>
      <styleUrl>#area_amarilla</styleUrl>
      <Polygon>
        <outerBoundaryIs>
          <LinearRing>
            <coordinates>1.49562,42.90324898240887,0 1.4959397909692318,42.90322848788991,0 1.4962498646299005,42.90316762708879,0 1.4965407990039488,42.903068249345765,0 1.496803753791817,42.90293337438043,0 1.4970307390294213,42.90276710051764,0 1.4972148578852098,42.90257448013583,0 1.4973505162168912,42.90236136612512,0 1.4974335925205615,42.90213423402402,0 1.4974615631115542,42.90189998524208,0 1.4974335787393682,42.901665737350164,0 1.4973504903167196,42.90143860781174,0 1.497214822990003,42.90122549772729,0 1.4970306993480562,42.90103288216175,0 1.496803714110452,42.900866613424334,0 1.496540764108742,42.900731743275266,0 1.496249838729729,42.9006323694585,0 1.4959397771880385,42.90057151122006,0 1.49562,42.90055101759112,0 1.4953002228119614,42.90057151122006,0 1.494990161270271,42.9006323694585,0 1.4946992358912579,42.900731743275266,0 1.4944362858895477,42.900866613424334,0 1.4942093006519435,42.90103288216175,0 1.4940251770099968,42.90122549772729,0 1.49388950968328,42.90143860781174,0 1.4938064212606317,42.901665737350164,0 1.4937784368884455,42.90189998524208,0 1.4938064074794384,42.90213423402402,0 1.4938894837831085,42.90236136612512,0 1.4940251421147899,42.90257448013583,0 1.4942092609705786,42.90276710051764,0 1.4944362462081828,42.90293337438043,0 1.494699200996051,42.903068249345765,0 1.4949901353700994,42.90316762708879,0 1.4953002090307679,42.90322848788991,0 1.49562,42.90324898240887,0</coordinates>
          </LinearRing>
        </outerBoundaryIs>
      </Polygon>
    </Placemark>
    <Placemark>
      <styleUrl>#pink</styleUrl>
      <name />
      <description>
    &lt;![CDATA[
    &lt;h2&gt;🔥 Incendio activo&lt;/h2&gt;

    &lt;table border="0" cellpadding="4"&gt;

        &lt;tr&gt;
            &lt;td&gt;&lt;b&gt;Focos agrupados&lt;/b&gt;&lt;/td&gt;
            &lt;td&gt;1&lt;/td&gt;
        &lt;/tr&gt;

        &lt;tr&gt;
            &lt;td&gt;&lt;b&gt;FRP máximo&lt;/b&gt;&lt;/td&gt;
            &lt;td&gt;21.0 MW&lt;/td&gt;
        &lt;/tr&gt;

        &lt;tr&gt;
            &lt;td&gt;&lt;b&gt;Confianza&lt;/b&gt;&lt;/td&gt;
            &lt;td&gt;Baja&lt;/td&gt;
        &lt;/tr&gt;

        &lt;tr&gt;
            &lt;td&gt;&lt;b&gt;Fecha&lt;/b&gt;&lt;/td&gt;
            &lt;td&gt;2026-09-28&lt;/td&gt;
        &lt;/tr&gt;

        &lt;tr&gt;
            &lt;td&gt;&lt;b&gt;Hora&lt;/b&gt;&lt;/td&gt;
            &lt;td&gt;56 UTC&lt;/td&gt;
        &lt;/tr&gt;

        &lt;tr&gt;
            &lt;td&gt;&lt;b&gt;Satélite&lt;/b&gt;&lt;/td&gt;
            &lt;td&gt;N21&lt;/td&gt;
        &lt;/tr&gt;

        &lt;tr&gt;
            &lt;td&gt;&lt;b&gt;Instrumento&lt;/b&gt;&lt;/td&gt;
            &lt;td&gt;VIIRS&lt;/td&gt;
        &lt;/tr&gt;

        &lt;tr&gt;
            &lt;td&gt;&lt;b&gt;Población más cercana&lt;/b&gt;&lt;/td&gt;
            &lt;td&gt;Lladorre&lt;/td&gt;
        &lt;/tr&gt;

        &lt;tr&gt;
            &lt;td&gt;&lt;b&gt;Distancia&lt;/b&gt;&lt;/td&gt;
            &lt;td&gt;37.1 km&lt;/td&gt;
        &lt;/tr&gt;

        &lt;tr&gt;
            &lt;td&gt;&lt;b&gt;Latitud&lt;/b&gt;&lt;/td&gt;
            &lt;td&gt;42.901900&lt;/td&gt;
        &lt;/tr&gt;

        &lt;tr&gt;
            &lt;td&gt;&lt;b&gt;Longitud&lt;/b&gt;&lt;/td&gt;
            &lt;td&gt;1.495620&lt;/td&gt;
        &lt;/tr&gt;

    &lt;/table&gt;

    ]]&gt;
    </description>
      <Point>
        <coordinates>1.49562,42.9019,0</coordinates>
      </Point>
    </Placemark>
    <Placemark>
      <styleUrl>#area_amarilla</styleUrl>
      <Polygon>
        <outerBoundaryIs>
          <LinearRing>
            <coordinates>1.48987,42.903448982408875,0 1.490189792006667,42.90342848788991,0 1.490499866673242,42.90336762708878,0 1.4907908019910991,42.90326824934574,0 1.4910537576319969,42.90313337438038,0 1.4912807436059303,42.902967100517586,0 1.491464863058975,42.90277448013576,0 1.4916005218306942,42.90256136612504,0 1.4916835984038177,42.90233423402393,0 1.4917115690854974,42.90209998524198,0 1.491683584622483,42.90186573735006,0 1.4916004959302576,42.90163860781165,0 1.4914648281634109,42.90142549772721,0 1.491280703924159,42.90123288216169,0 1.4910537179502255,42.9010666134243,0 1.490790767095535,42.900931743275244,0 1.4904998407728052,42.9008323694585,0 1.4901897782253324,42.90077151122007,0 1.48987,42.90075101759112,0 1.4895502217746677,42.90077151122007,0 1.4892401592271947,42.9008323694585,0 1.488949232904465,42.900931743275244,0 1.4886862820497744,42.9010666134243,0 1.4884592960758412,42.90123288216169,0 1.4882751718365892,42.90142549772721,0 1.4881395040697425,42.90163860781165,0 1.488056415377517,42.90186573735006,0 1.4880284309145027,42.90209998524198,0 1.4880564015961824,42.90233423402393,0 1.4881394781693058,42.90256136612504,0 1.488275136941025,42.90277448013576,0 1.4884592563940697,42.902967100517586,0 1.488686242368003,42.90313337438038,0 1.4889491980089007,42.90326824934574,0 1.4892401333267578,42.90336762708878,0 1.4895502079933332,42.90342848788991,0 1.48987,42.903448982408875,0</coordinates>
          </LinearRing>
        </outerBoundaryIs>
      </Polygon>
    </Placemark>
    <Placemark>
      <styleUrl>#pink</styleUrl>
      <name />
      <description>
    &lt;![CDATA[
    &lt;h2&gt;🔥 Incendio activo&lt;/h2&gt;

    &lt;table border="0" cellpadding="4"&gt;

        &lt;tr&gt;
            &lt;td&gt;&lt;b&gt;Focos agrupados&lt;/b&gt;&lt;/td&gt;
            &lt;td&gt;1&lt;/td&gt;
        &lt;/tr&gt;

        &lt;tr&gt;
            &lt;td&gt;&lt;b&gt;FRP máximo&lt;/b&gt;&lt;/td&gt;
            &lt;td&gt;21.0 MW&lt;/td&gt;
        &lt;/tr&gt;

        &lt;tr&gt;
            &lt;td&gt;&lt;b&gt;Confianza&lt;/b&gt;&lt;/td&gt;
            &lt;td&gt;Baja&lt;/td&gt;
        &lt;/tr&gt;

        &lt;tr&gt;
            &lt;td&gt;&lt;b&gt;Fecha&lt;/b&gt;&lt;/td&gt;
            &lt;td&gt;2026-09-28&lt;/td&gt;
        &lt;/tr&gt;

        &lt;tr&gt;
            &lt;td&gt;&lt;b&gt;Hora&lt;/b&gt;&lt;/td&gt;
            &lt;td&gt;56 UTC&lt;/td&gt;
        &lt;/tr&gt;

        &lt;tr&gt;
            &lt;td&gt;&lt;b&gt;Satélite&lt;/b&gt;&lt;/td&gt;
            &lt;td&gt;N21&lt;/td&gt;
        &lt;/tr&gt;

        &lt;tr&gt;
            &lt;td&gt;&lt;b&gt;Instrumento&lt;/b&gt;&lt;/td&gt;
            &lt;td&gt;VIIRS&lt;/td&gt;
        &lt;/tr&gt;

        &lt;tr&gt;
            &lt;td&gt;&lt;b&gt;Población más cercana&lt;/b&gt;&lt;/td&gt;
            &lt;td&gt;Lladorre&lt;/td&gt;
        &lt;/tr&gt;

        &lt;tr&gt;
            &lt;td&gt;&lt;b&gt;Distancia&lt;/b&gt;&lt;/td&gt;
            &lt;td&gt;36.9 km&lt;/td&gt;
        &lt;/tr&gt;

        &lt;tr&gt;
            &lt;td&gt;&lt;b&gt;Latitud&lt;/b&gt;&lt;/td&gt;
            &lt;td&gt;42.902100&lt;/td&gt;
        &lt;/tr&gt;

        &lt;tr&gt;
            &lt;td&gt;&lt;b&gt;Longitud&lt;/b&gt;&lt;/td&gt;
            &lt;td&gt;1.489870&lt;/td&gt;
        &lt;/tr&gt;

    &lt;/table&gt;

    ]]&gt;
    </description>
      <Point>
        <coordinates>1.48987,42.9021,0</coordinates>
      </Point>
    </Placemark>
    <Placemark>
      <styleUrl>#area_amarilla</styleUrl>
      <Polygon>
        <outerBoundaryIs>
          <LinearRing>
            <coordinates>1.48382,42.903648982408875,0 1.4841397930441125,42.90362848788992,0 1.4844498687166048,42.90356762708877,0 1.4847408049782802,42.903468249345714,0 1.4850037614722162,42.90333337438035,0 1.4852307481824865,42.90316710051753,0 1.4854148682327932,42.90297448013568,0 1.4855505274445548,42.90276136612494,0 1.4856336042871339,42.90253423402383,0 1.4856615750595017,42.90229998524188,0 1.4856335905056581,42.902065737349965,0 1.4855505015438524,42.90183860781157,0 1.4854148333368715,42.901625497727146,0 1.4852307085003085,42.901432882161636,0 1.485003721790038,42.90126661342426,0 1.4847407700823583,42.90113174327523,0 1.4844498428159023,42.901032369458484,0 1.4841397792626367,42.900971511220064,0 1.48382,42.900951017591126,0 1.4835002207373633,42.900971511220064,0 1.4831901571840977,42.901032369458484,0 1.4828992299176418,42.90113174327523,0 1.482636278209962,42.90126661342426,0 1.4824092914996916,42.901432882161636,0 1.4822251666631285,42.901625497727146,0 1.4820894984561477,42.90183860781157,0 1.482006409494342,42.902065737349965,0 1.4819784249404984,42.90229998524188,0 1.4820063957128662,42.90253423402383,0 1.4820894725554452,42.90276136612494,0 1.4822251317672068,42.90297448013568,0 1.4824092518175136,42.90316710051753,0 1.4826362385277838,42.90333337438035,0 1.4828991950217199,42.903468249345714,0 1.4831901312833953,42.90356762708877,0 1.4835002069558876,42.90362848788992,0 1.48382,42.903648982408875,0</coordinates>
          </LinearRing>
        </outerBoundaryIs>
      </Polygon>
    </Placemark>
    <Placemark>
      <styleUrl>#pink</styleUrl>
      <name />
      <description>
    &lt;![CDATA[
    &lt;h2&gt;🔥 Incendio activo&lt;/h2&gt;

    &lt;table border="0" cellpadding="4"&gt;

        &lt;tr&gt;
            &lt;td&gt;&lt;b&gt;Focos agrupados&lt;/b&gt;&lt;/td&gt;
            &lt;td&gt;1&lt;/td&gt;
        &lt;/tr&gt;

        &lt;tr&gt;
            &lt;td&gt;&lt;b&gt;FRP máximo&lt;/b&gt;&lt;/td&gt;
            &lt;td&gt;7.9 MW&lt;/td&gt;
        &lt;/tr&gt;

        &lt;tr&gt;
            &lt;td&gt;&lt;b&gt;Confianza&lt;/b&gt;&lt;/td&gt;
            &lt;td&gt;Baja&lt;/td&gt;
        &lt;/tr&gt;

        &lt;tr&gt;
            &lt;td&gt;&lt;b&gt;Fecha&lt;/b&gt;&lt;/td&gt;
            &lt;td&gt;2026-09-28&lt;/td&gt;
        &lt;/tr&gt;

        &lt;tr&gt;
            &lt;td&gt;&lt;b&gt;Hora&lt;/b&gt;&lt;/td&gt;
            &lt;td&gt;56 UTC&lt;/td&gt;
        &lt;/tr&gt;

        &lt;tr&gt;
            &lt;td&gt;&lt;b&gt;Satélite&lt;/b&gt;&lt;/td&gt;
            &lt;td&gt;N21&lt;/td&gt;
        &lt;/tr&gt;

        &lt;tr&gt;
            &lt;td&gt;&lt;b&gt;Instrumento&lt;/b&gt;&lt;/td&gt;
            &lt;td&gt;VIIRS&lt;/td&gt;
        &lt;/tr&gt;

        &lt;tr&gt;
            &lt;td&gt;&lt;b&gt;Población más cercana&lt;/b&gt;&lt;/td&gt;
            &lt;td&gt;Lladorre&lt;/td&gt;
        &lt;/tr&gt;

        &lt;tr&gt;
            &lt;td&gt;&lt;b&gt;Distancia&lt;/b&gt;&lt;/td&gt;
            &lt;td&gt;36.6 km&lt;/td&gt;
        &lt;/tr&gt;

        &lt;tr&gt;
            &lt;td&gt;&lt;b&gt;Latitud&lt;/b&gt;&lt;/td&gt;
            &lt;td&gt;42.902300&lt;/td&gt;
        &lt;/tr&gt;

        &lt;tr&gt;
            &lt;td&gt;&lt;b&gt;Longitud&lt;/b&gt;&lt;/td&gt;
            &lt;td&gt;1.483820&lt;/td&gt;
        &lt;/tr&gt;

    &lt;/table&gt;

    ]]&gt;
    </description>
      <Point>
        <coordinates>1.48382,42.9023,0</coordinates>
      </Point>
    </Placemark>
    <Placemark>
      <styleUrl>#area_amarilla</styleUrl>
      <Polygon>
        <outerBoundaryIs>
          <LinearRing>
            <coordinates>1.47766,42.90385898240888,0 1.4779797941334418,42.90383848788991,0 1.4782898708621577,42.90377762708876,0 1.478580808114853,42.90367824934569,0 1.4788437655044886,42.9035433743803,0 1.4790707529879206,42.90337710051746,0 1.4792548736653592,42.90318448013561,0 1.47939053333917,42.90297136612485,0 1.479473610464681,42.90274423402373,0 1.4795015813322718,42.90250998524177,0 1.4794735966830568,42.90227573734986,0 1.4793905074381892,42.902048607811466,0 1.4792548387690623,42.90183549772706,0 1.4790707133053158,42.90164288216158,0 1.4788437258218836,42.90147661342421,0 1.4785807732185559,42.9013417432752,0 1.478289844961177,42.90124236945847,0 1.4779797803518178,42.90118151122006,0 1.47766,42.90116101759112,0 1.4773402196481824,42.90118151122006,0 1.4770301550388232,42.90124236945847,0 1.4767392267814443,42.9013417432752,0 1.4764762741781163,42.90147661342421,0 1.4762492866946841,42.90164288216158,0 1.4760651612309377,42.90183549772706,0 1.475929492561811,42.902048607811466,0 1.4758464033169432,42.90227573734986,0 1.4758184186677281,42.90250998524177,0 1.475846389535319,42.90274423402373,0 1.47592946666083,42.90297136612485,0 1.4760651263346407,42.90318448013561,0 1.4762492470120794,42.90337710051746,0 1.4764762344955114,42.9035433743803,0 1.4767391918851471,42.90367824934569,0 1.4770301291378423,42.90377762708876,0 1.4773402058665583,42.90383848788991,0 1.47766,42.90385898240888,0</coordinates>
          </LinearRing>
        </outerBoundaryIs>
      </Polygon>
    </Placemark>
    <Placemark>
      <styleUrl>#pink</styleUrl>
      <name />
      <description>
    &lt;![CDATA[
    &lt;h2&gt;🔥 Incendio activo&lt;/h2&gt;

    &lt;table border="0" cellpadding="4"&gt;

        &lt;tr&gt;
            &lt;td&gt;&lt;b&gt;Focos agrupados&lt;/b&gt;&lt;/td&gt;
            &lt;td&gt;1&lt;/td&gt;
        &lt;/tr&gt;

        &lt;tr&gt;
            &lt;td&gt;&lt;b&gt;FRP máximo&lt;/b&gt;&lt;/td&gt;
            &lt;td&gt;7.9 MW&lt;/td&gt;
        &lt;/tr&gt;

        &lt;tr&gt;
            &lt;td&gt;&lt;b&gt;Confianza&lt;/b&gt;&lt;/td&gt;
            &lt;td&gt;Baja&lt;/td&gt;
        &lt;/tr&gt;

        &lt;tr&gt;
            &lt;td&gt;&lt;b&gt;Fecha&lt;/b&gt;&lt;/td&gt;
            &lt;td&gt;2026-09-28&lt;/td&gt;
        &lt;/tr&gt;

        &lt;tr&gt;
            &lt;td&gt;&lt;b&gt;Hora&lt;/b&gt;&lt;/td&gt;
            &lt;td&gt;56 UTC&lt;/td&gt;
        &lt;/tr&gt;

        &lt;tr&gt;
            &lt;td&gt;&lt;b&gt;Satélite&lt;/b&gt;&lt;/td&gt;
            &lt;td&gt;N21&lt;/td&gt;
        &lt;/tr&gt;

        &lt;tr&gt;
            &lt;td&gt;&lt;b&gt;Instrumento&lt;/b&gt;&lt;/td&gt;
            &lt;td&gt;VIIRS&lt;/td&gt;
        &lt;/tr&gt;

        &lt;tr&gt;
            &lt;td&gt;&lt;b&gt;Población más cercana&lt;/b&gt;&lt;/td&gt;
            &lt;td&gt;Lladorre&lt;/td&gt;
        &lt;/tr&gt;

        &lt;tr&gt;
            &lt;td&gt;&lt;b&gt;Distancia&lt;/b&gt;&lt;/td&gt;
            &lt;td&gt;36.4 km&lt;/td&gt;
        &lt;/tr&gt;

        &lt;tr&gt;
            &lt;td&gt;&lt;b&gt;Latitud&lt;/b&gt;&lt;/td&gt;
            &lt;td&gt;42.902510&lt;/td&gt;
        &lt;/tr&gt;

        &lt;tr&gt;
            &lt;td&gt;&lt;b&gt;Longitud&lt;/b&gt;&lt;/td&gt;
            &lt;td&gt;1.477660&lt;/td&gt;
        &lt;/tr&gt;

    &lt;/table&gt;

    ]]&gt;
    </description>
      <Point>
        <coordinates>1.47766,42.90251,0</coordinates>
      </Point>
    </Placemark>
    <Placemark>
      <styleUrl>#area_amarilla</styleUrl>
      <Polygon>
        <outerBoundaryIs>
          <LinearRing>
            <coordinates>4.893151999999999,43.438423471423214,0 4.894541795975932,43.438335173699194,0 4.895889351842871,43.43807296416828,0 4.897153712367384,43.43764481212111,0 4.898296452854104,43.43706373009115,0 4.899282847594426,43.43634737807114,0 4.900082925486042,43.435517526427425,0 4.90067238068898,43.434599393890785,0 4.901033310648548,43.433620880802515,0 4.9011547591208675,43.43261172097281,0 4.901033047814364,43.431602577970494,0 4.900671886722296,43.43062411333479,0 4.900082259966524,43.42970605503179,0 4.899282090793551,43.428876294449104,0 4.898295696053225,43.42816003933422,0 4.897153046847858,43.427579048365295,0 4.895888857876175,43.427150970551764,0 4.894541533141743,43.426888809473404,0 4.893151999999999,43.42680052857679,0 4.891762466858255,43.426888809473404,0 4.890415142123823,43.427150970551764,0 4.889150953152139,43.427579048365295,0 4.888008303946773,43.42816003933422,0 4.887021909206447,43.428876294449104,0 4.8862217400334735,43.42970605503179,0 4.885632113277702,43.43062411333479,0 4.885270952185634,43.431602577970494,0 4.88514924087913,43.43261172097281,0 4.88527068935145,43.433620880802515,0 4.885631619311017,43.434599393890785,0 4.886221074513956,43.435517526427425,0 4.8870211524055716,43.43634737807114,0 4.888007547145893,43.43706373009115,0 4.889150287632613,43.43764481212111,0 4.890414648157127,43.43807296416828,0 4.891762204024066,43.438335173699194,0 4.893151999999999,43.438423471423214,0</coordinates>
          </LinearRing>
        </outerBoundaryIs>
      </Polygon>
    </Placemark>
    <Placemark>
      <styleUrl>#pink</styleUrl>
      <name />
      <description>
    &lt;![CDATA[
    &lt;h2&gt;🔥 Incendio activo&lt;/h2&gt;

    &lt;table border="0" cellpadding="4"&gt;

        &lt;tr&gt;
            &lt;td&gt;&lt;b&gt;Focos agrupados&lt;/b&gt;&lt;/td&gt;
            &lt;td&gt;5&lt;/td&gt;
        &lt;/tr&gt;

        &lt;tr&gt;
            &lt;td&gt;&lt;b&gt;FRP máximo&lt;/b&gt;&lt;/td&gt;
            &lt;td&gt;1.7 MW&lt;/td&gt;
        &lt;/tr&gt;

        &lt;tr&gt;
            &lt;td&gt;&lt;b&gt;Confianza&lt;/b&gt;&lt;/td&gt;
            &lt;td&gt;Baja&lt;/td&gt;
        &lt;/tr&gt;

        &lt;tr&gt;
            &lt;td&gt;&lt;b&gt;Fecha&lt;/b&gt;&lt;/td&gt;
            &lt;td&gt;2026-09-28&lt;/td&gt;
        &lt;/tr&gt;

        &lt;tr&gt;
            &lt;td&gt;&lt;b&gt;Hora&lt;/b&gt;&lt;/td&gt;
            &lt;td&gt;56 UTC&lt;/td&gt;
        &lt;/tr&gt;

        &lt;tr&gt;
            &lt;td&gt;&lt;b&gt;Satélite&lt;/b&gt;&lt;/td&gt;
            &lt;td&gt;N21&lt;/td&gt;
        &lt;/tr&gt;

        &lt;tr&gt;
            &lt;td&gt;&lt;b&gt;Instrumento&lt;/b&gt;&lt;/td&gt;
            &lt;td&gt;VIIRS&lt;/td&gt;
        &lt;/tr&gt;

        &lt;tr&gt;
            &lt;td&gt;&lt;b&gt;Población más cercana&lt;/b&gt;&lt;/td&gt;
            &lt;td&gt;Portbou&lt;/td&gt;
        &lt;/tr&gt;

        &lt;tr&gt;
            &lt;td&gt;&lt;b&gt;Distancia&lt;/b&gt;&lt;/td&gt;
            &lt;td&gt;179.9 km&lt;/td&gt;
        &lt;/tr&gt;

        &lt;tr&gt;
            &lt;td&gt;&lt;b&gt;Latitud&lt;/b&gt;&lt;/td&gt;
            &lt;td&gt;43.432612&lt;/td&gt;
        &lt;/tr&gt;

        &lt;tr&gt;
            &lt;td&gt;&lt;b&gt;Longitud&lt;/b&gt;&lt;/td&gt;
            &lt;td&gt;4.893152&lt;/td&gt;
        &lt;/tr&gt;

    &lt;/table&gt;

    ]]&gt;
    </description>
      <Point>
        <coordinates>4.893151999999999,43.432612,0</coordinates>
      </Point>
    </Placemark>
    <Placemark>
      <styleUrl>#area_amarilla</styleUrl>
      <Polygon>
        <outerBoundaryIs>
          <LinearRing>
            <coordinates>4.88596,43.43931898240888,0 4.886282610237343,43.439298487881494,0 4.886595417486735,43.43923762705612,0 4.886888916696144,43.439138249275935,0 4.887154189623461,43.43900337426501,0 4.887383175863082,43.43883710035372,0 4.887568917784023,43.43864447992634,0 4.887705771934006,43.438431365878465,0 4.887789580486122,43.43820423375312,0 4.887817797521968,43.43796998496276,0 4.887789566320293,43.43773573707926,0 4.887705745310955,43.43750860756509,0 4.887568881914883,43.4372954975178,0 4.887383135074201,43.437102881997845,0 4.88715414883458,43.43693661330893,0 4.886888880827004,43.43680174320544,0 4.8865953908636826,43.43670236942584,0 4.8862825960715135,43.43664151121165,0 4.88596,43.43662101759112,0 4.885637403928485,43.43664151121165,0 4.885324609136316,43.43670236942584,0 4.885031119172996,43.43680174320544,0 4.884765851165419,43.43693661330893,0 4.884536864925798,43.437102881997845,0 4.8843511180851165,43.4372954975178,0 4.884214254689044,43.43750860756509,0 4.884130433679707,43.43773573707926,0 4.884102202478032,43.43796998496276,0 4.884130419513877,43.43820423375312,0 4.884214228065994,43.438431365878465,0 4.884351082215977,43.43864447992634,0 4.884536824136918,43.43883710035372,0 4.884765810376539,43.43900337426501,0 4.885031083303856,43.439138249275935,0 4.885324582513265,43.43923762705612,0 4.885637389762656,43.439298487881494,0 4.88596,43.43931898240888,0</coordinates>
          </LinearRing>
        </outerBoundaryIs>
      </Polygon>
    </Placemark>
    <Placemark>
      <styleUrl>#pink</styleUrl>
      <name />
      <description>
    &lt;![CDATA[
    &lt;h2&gt;🔥 Incendio activo&lt;/h2&gt;

    &lt;table border="0" cellpadding="4"&gt;

        &lt;tr&gt;
            &lt;td&gt;&lt;b&gt;Focos agrupados&lt;/b&gt;&lt;/td&gt;
            &lt;td&gt;1&lt;/td&gt;
        &lt;/tr&gt;

        &lt;tr&gt;
            &lt;td&gt;&lt;b&gt;FRP máximo&lt;/b&gt;&lt;/td&gt;
            &lt;td&gt;1.7 MW&lt;/td&gt;
        &lt;/tr&gt;

        &lt;tr&gt;
            &lt;td&gt;&lt;b&gt;Confianza&lt;/b&gt;&lt;/td&gt;
            &lt;td&gt;Baja&lt;/td&gt;
        &lt;/tr&gt;

        &lt;tr&gt;
            &lt;td&gt;&lt;b&gt;Fecha&lt;/b&gt;&lt;/td&gt;
            &lt;td&gt;2026-09-28&lt;/td&gt;
        &lt;/tr&gt;

        &lt;tr&gt;
            &lt;td&gt;&lt;b&gt;Hora&lt;/b&gt;&lt;/td&gt;
            &lt;td&gt;56 UTC&lt;/td&gt;
        &lt;/tr&gt;

        &lt;tr&gt;
            &lt;td&gt;&lt;b&gt;Satélite&lt;/b&gt;&lt;/td&gt;
            &lt;td&gt;N21&lt;/td&gt;
        &lt;/tr&gt;

        &lt;tr&gt;
            &lt;td&gt;&lt;b&gt;Instrumento&lt;/b&gt;&lt;/td&gt;
            &lt;td&gt;VIIRS&lt;/td&gt;
        &lt;/tr&gt;

        &lt;tr&gt;
            &lt;td&gt;&lt;b&gt;Población más cercana&lt;/b&gt;&lt;/td&gt;
            &lt;td&gt;Portbou&lt;/td&gt;
        &lt;/tr&gt;

        &lt;tr&gt;
            &lt;td&gt;&lt;b&gt;Distancia&lt;/b&gt;&lt;/td&gt;
            &lt;td&gt;179.8 km&lt;/td&gt;
        &lt;/tr&gt;

        &lt;tr&gt;
            &lt;td&gt;&lt;b&gt;Latitud&lt;/b&gt;&lt;/td&gt;
            &lt;td&gt;43.437970&lt;/td&gt;
        &lt;/tr&gt;

        &lt;tr&gt;
            &lt;td&gt;&lt;b&gt;Longitud&lt;/b&gt;&lt;/td&gt;
            &lt;td&gt;4.885960&lt;/td&gt;
        &lt;/tr&gt;

    &lt;/table&gt;

    ]]&gt;
    </description>
      <Point>
        <coordinates>4.88596,43.43797,0</coordinates>
      </Point>
    </Placemark>
    <Placemark>
      <styleUrl>#area_amarilla</styleUrl>
      <Polygon>
        <outerBoundaryIs>
          <LinearRing>
            <coordinates>4.90189,43.445244801885714,0 4.902395806029781,43.4452126721785,0 4.902886241828008,43.44511725940233,0 4.9033464043693815,43.44496146291574,0 4.903762310822419,43.44475001695985,0 4.90412132353441,43.44448934675732,0 4.904412534085902,43.444187373219556,0 4.904627094737471,43.4438532722039,0 4.904758487197938,43.44349719564435,0 4.904802720555622,43.443129963036476,0 4.9047584523734935,43.44276273265778,0 4.904627029288924,43.442406662516866,0 4.904412445907314,43.44207257133516,0 4.904121223261418,43.441770609860505,0 4.903762210549427,43.44150995249528,0 4.903346316190793,43.4412985186025,0 4.902886176379461,43.44114273194985,0 4.902395771205337,43.441047325592336,0 4.90189,43.44101519811429,0 4.901384228794663,43.441047325592336,0 4.90089382362054,43.44114273194985,0 4.900433683809207,43.4412985186025,0 4.9000177894505725,43.44150995249528,0 4.8996587767385815,43.441770609860505,0 4.899367554092686,43.44207257133516,0 4.899152970711077,43.442406662516866,0 4.899021547626507,43.44276273265778,0 4.898977279444377,43.443129963036476,0 4.899021512802062,43.44349719564435,0 4.89915290526253,43.4438532722039,0 4.899367465914097,43.444187373219556,0 4.899658676465591,43.44448934675732,0 4.900017689177582,43.44475001695985,0 4.900433595630619,43.44496146291574,0 4.900893758171993,43.44511725940233,0 4.901384193970219,43.4452126721785,0 4.90189,43.445244801885714,0</coordinates>
          </LinearRing>
        </outerBoundaryIs>
      </Polygon>
    </Placemark>
    <Placemark>
      <styleUrl>#pink</styleUrl>
      <name />
      <description>
    &lt;![CDATA[
    &lt;h2&gt;🔥 Incendio activo&lt;/h2&gt;

    &lt;table border="0" cellpadding="4"&gt;

        &lt;tr&gt;
            &lt;td&gt;&lt;b&gt;Focos agrupados&lt;/b&gt;&lt;/td&gt;
            &lt;td&gt;2&lt;/td&gt;
        &lt;/tr&gt;

        &lt;tr&gt;
            &lt;td&gt;&lt;b&gt;FRP máximo&lt;/b&gt;&lt;/td&gt;
            &lt;td&gt;2.5 MW&lt;/td&gt;
        &lt;/tr&gt;

        &lt;tr&gt;
            &lt;td&gt;&lt;b&gt;Confianza&lt;/b&gt;&lt;/td&gt;
            &lt;td&gt;Baja&lt;/td&gt;
        &lt;/tr&gt;

        &lt;tr&gt;
            &lt;td&gt;&lt;b&gt;Fecha&lt;/b&gt;&lt;/td&gt;
            &lt;td&gt;2026-09-28&lt;/td&gt;
        &lt;/tr&gt;

        &lt;tr&gt;
            &lt;td&gt;&lt;b&gt;Hora&lt;/b&gt;&lt;/td&gt;
            &lt;td&gt;56 UTC&lt;/td&gt;
        &lt;/tr&gt;

        &lt;tr&gt;
            &lt;td&gt;&lt;b&gt;Satélite&lt;/b&gt;&lt;/td&gt;
            &lt;td&gt;N21&lt;/td&gt;
        &lt;/tr&gt;

        &lt;tr&gt;
            &lt;td&gt;&lt;b&gt;Instrumento&lt;/b&gt;&lt;/td&gt;
            &lt;td&gt;VIIRS&lt;/td&gt;
        &lt;/tr&gt;

        &lt;tr&gt;
            &lt;td&gt;&lt;b&gt;Población más cercana&lt;/b&gt;&lt;/td&gt;
            &lt;td&gt;Portbou&lt;/td&gt;
        &lt;/tr&gt;

        &lt;tr&gt;
            &lt;td&gt;&lt;b&gt;Distancia&lt;/b&gt;&lt;/td&gt;
            &lt;td&gt;181.2 km&lt;/td&gt;
        &lt;/tr&gt;

        &lt;tr&gt;
            &lt;td&gt;&lt;b&gt;Latitud&lt;/b&gt;&lt;/td&gt;
            &lt;td&gt;43.443130&lt;/td&gt;
        &lt;/tr&gt;

        &lt;tr&gt;
            &lt;td&gt;&lt;b&gt;Longitud&lt;/b&gt;&lt;/td&gt;
            &lt;td&gt;4.901890&lt;/td&gt;
        &lt;/tr&gt;

    &lt;/table&gt;

    ]]&gt;
    </description>
      <Point>
        <coordinates>4.90189,43.44313,0</coordinates>
      </Point>
    </Placemark>
    <Placemark>
      <styleUrl>#area_amarilla</styleUrl>
      <Polygon>
        <outerBoundaryIs>
          <LinearRing>
            <coordinates>4.89476,43.44821033876403,0 4.8952791144596555,43.448177365267405,0 4.895782454233986,43.44807944676649,0 4.89625472414316,43.44791955877045,0 4.89668157342472,43.44770255986251,0 4.897050031904532,43.447435044017986,0 4.897348904158277,43.4471251401805,0 4.897569109678718,43.44678226519463,0 4.897703958712941,43.446416837610606,0 4.897749355396764,43.446039961065615,0 4.897703922029932,43.44566308686866,0 4.897569040737214,43.44529766604551,0 4.897348811273639,43.444954801417914,0 4.897049926280018,43.44464491028674,0 4.8966814678002075,43.44437740796398,0 4.896254631258523,43.44416042176235,0 4.895782385292481,43.44400054412458,0 4.895279077776648,43.44390263238455,0 4.89476,43.44386966123596,0 4.894240922223352,43.44390263238455,0 4.8937376147075184,43.44400054412458,0 4.893265368741477,43.44416042176235,0 4.892838532199792,43.44437740796398,0 4.892470073719981,43.44464491028674,0 4.89217118872636,43.444954801417914,0 4.891950959262784,43.44529766604551,0 4.891816077970067,43.44566308686866,0 4.891770644603235,43.446039961065615,0 4.891816041287059,43.446416837610606,0 4.891950890321281,43.44678226519463,0 4.892171095841722,43.4471251401805,0 4.892469968095468,43.447435044017986,0 4.892838426575279,43.44770255986251,0 4.893265275856839,43.44791955877045,0 4.8937375457660135,43.44807944676649,0 4.894240885540344,43.448177365267405,0 4.89476,43.44821033876403,0</coordinates>
          </LinearRing>
        </outerBoundaryIs>
      </Polygon>
    </Placemark>
    <Placemark>
      <styleUrl>#pink</styleUrl>
      <name />
      <description>
    &lt;![CDATA[
    &lt;h2&gt;🔥 Incendio activo&lt;/h2&gt;

    &lt;table border="0" cellpadding="4"&gt;

        &lt;tr&gt;
            &lt;td&gt;&lt;b&gt;Focos agrupados&lt;/b&gt;&lt;/td&gt;
            &lt;td&gt;2&lt;/td&gt;
        &lt;/tr&gt;

        &lt;tr&gt;
            &lt;td&gt;&lt;b&gt;FRP máximo&lt;/b&gt;&lt;/td&gt;
            &lt;td&gt;2.5 MW&lt;/td&gt;
        &lt;/tr&gt;

        &lt;tr&gt;
            &lt;td&gt;&lt;b&gt;Confianza&lt;/b&gt;&lt;/td&gt;
            &lt;td&gt;Baja&lt;/td&gt;
        &lt;/tr&gt;

        &lt;tr&gt;
            &lt;td&gt;&lt;b&gt;Fecha&lt;/b&gt;&lt;/td&gt;
            &lt;td&gt;2026-09-28&lt;/td&gt;
        &lt;/tr&gt;

        &lt;tr&gt;
            &lt;td&gt;&lt;b&gt;Hora&lt;/b&gt;&lt;/td&gt;
            &lt;td&gt;56 UTC&lt;/td&gt;
        &lt;/tr&gt;

        &lt;tr&gt;
            &lt;td&gt;&lt;b&gt;Satélite&lt;/b&gt;&lt;/td&gt;
            &lt;td&gt;N21&lt;/td&gt;
        &lt;/tr&gt;

        &lt;tr&gt;
            &lt;td&gt;&lt;b&gt;Instrumento&lt;/b&gt;&lt;/td&gt;
            &lt;td&gt;VIIRS&lt;/td&gt;
        &lt;/tr&gt;

        &lt;tr&gt;
            &lt;td&gt;&lt;b&gt;Población más cercana&lt;/b&gt;&lt;/td&gt;
            &lt;td&gt;Portbou&lt;/td&gt;
        &lt;/tr&gt;

        &lt;tr&gt;
            &lt;td&gt;&lt;b&gt;Distancia&lt;/b&gt;&lt;/td&gt;
            &lt;td&gt;180.9 km&lt;/td&gt;
        &lt;/tr&gt;

        &lt;tr&gt;
            &lt;td&gt;&lt;b&gt;Latitud&lt;/b&gt;&lt;/td&gt;
            &lt;td&gt;43.446040&lt;/td&gt;
        &lt;/tr&gt;

        &lt;tr&gt;
            &lt;td&gt;&lt;b&gt;Longitud&lt;/b&gt;&lt;/td&gt;
            &lt;td&gt;4.894760&lt;/td&gt;
        &lt;/tr&gt;

    &lt;/table&gt;

    ]]&gt;
    </description>
      <Point>
        <coordinates>4.89476,43.446039999999996,0</coordinates>
      </Point>
    </Placemark>
    <Placemark>
      <styleUrl>#area_amarilla</styleUrl>
      <Polygon>
        <outerBoundaryIs>
          <LinearRing>
            <coordinates>4.47777,35.708498982408884,0 4.47805848418012,35.70847848799077,0 4.478338202480582,35.70841762747996,0 4.478600655420873,35.70831825018174,0 4.478837868218064,35.708183375762026,0 4.479042633130696,35.70801710247988,0 4.479208728480537,35.70782448264369,0 4.479331107695114,35.70761136907776,0 4.4794060526270885,35.70738423726696,0 4.479431286494122,35.70714998858582,0 4.47940604301174,35.70691574059304,0 4.479331089624169,35.70668861076429,0 4.479208704133618,35.70647550023505,0 4.479042605444402,35.706282884123894,0 4.478837840531769,35.70611661480586,0 4.478600631073954,35.705981744111185,0 4.478338184409636,35.70588236984965,0 4.4780584745647705,35.70582151132089,0 4.47777,35.70580101759113,0 4.477481525435229,35.70582151132089,0 4.477201815590363,35.70588236984965,0 4.476939368926044,35.705981744111185,0 4.47670215946823,35.70611661480586,0 4.476497394555597,35.706282884123894,0 4.476331295866381,35.70647550023505,0 4.4762089103758305,35.70668861076429,0 4.476133956988259,35.70691574059304,0 4.476108713505877,35.70714998858582,0 4.476133947372911,35.70738423726696,0 4.476208892304885,35.70761136907776,0 4.476331271519462,35.70782448264369,0 4.476497366869303,35.70801710247988,0 4.476702131781935,35.708183375762026,0 4.476939344579126,35.70831825018174,0 4.477201797519418,35.70841762747996,0 4.477481515819879,35.70847848799077,0 4.47777,35.708498982408884,0</coordinates>
          </LinearRing>
        </outerBoundaryIs>
      </Polygon>
    </Placemark>
    <Placemark>
      <styleUrl>#pink</styleUrl>
      <name />
      <description>
    &lt;![CDATA[
    &lt;h2&gt;🔥 Incendio activo&lt;/h2&gt;

    &lt;table border="0" cellpadding="4"&gt;

        &lt;tr&gt;
            &lt;td&gt;&lt;b&gt;Focos agrupados&lt;/b&gt;&lt;/td&gt;
            &lt;td&gt;1&lt;/td&gt;
        &lt;/tr&gt;

        &lt;tr&gt;
            &lt;td&gt;&lt;b&gt;FRP máximo&lt;/b&gt;&lt;/td&gt;
            &lt;td&gt;0.7 MW&lt;/td&gt;
        &lt;/tr&gt;

        &lt;tr&gt;
            &lt;td&gt;&lt;b&gt;Confianza&lt;/b&gt;&lt;/td&gt;
            &lt;td&gt;Baja&lt;/td&gt;
        &lt;/tr&gt;

        &lt;tr&gt;
            &lt;td&gt;&lt;b&gt;Fecha&lt;/b&gt;&lt;/td&gt;
            &lt;td&gt;2026-09-28&lt;/td&gt;
        &lt;/tr&gt;

        &lt;tr&gt;
            &lt;td&gt;&lt;b&gt;Hora&lt;/b&gt;&lt;/td&gt;
            &lt;td&gt;58 UTC&lt;/td&gt;
        &lt;/tr&gt;

        &lt;tr&gt;
            &lt;td&gt;&lt;b&gt;Satélite&lt;/b&gt;&lt;/td&gt;
            &lt;td&gt;N21&lt;/td&gt;
        &lt;/tr&gt;

        &lt;tr&gt;
            &lt;td&gt;&lt;b&gt;Instrumento&lt;/b&gt;&lt;/td&gt;
            &lt;td&gt;VIIRS&lt;/td&gt;
        &lt;/tr&gt;

        &lt;tr&gt;
            &lt;td&gt;&lt;b&gt;Población más cercana&lt;/b&gt;&lt;/td&gt;
            &lt;td&gt;Santanyí&lt;/td&gt;
        &lt;/tr&gt;

        &lt;tr&gt;
            &lt;td&gt;&lt;b&gt;Distancia&lt;/b&gt;&lt;/td&gt;
            &lt;td&gt;422.6 km&lt;/td&gt;
        &lt;/tr&gt;

        &lt;tr&gt;
            &lt;td&gt;&lt;b&gt;Latitud&lt;/b&gt;&lt;/td&gt;
            &lt;td&gt;35.707150&lt;/td&gt;
        &lt;/tr&gt;

        &lt;tr&gt;
            &lt;td&gt;&lt;b&gt;Longitud&lt;/b&gt;&lt;/td&gt;
            &lt;td&gt;4.477770&lt;/td&gt;
        &lt;/tr&gt;

    &lt;/table&gt;

    ]]&gt;
    </description>
      <Point>
        <coordinates>4.47777,35.70715,0</coordinates>
      </Point>
    </Placemark>
    <Placemark>
      <styleUrl>#area_amarilla</styleUrl>
      <Polygon>
        <outerBoundaryIs>
          <LinearRing>
            <coordinates>4.47286,35.70857898240888,0 4.473148484469653,35.70855848799076,0 4.473428203050847,35.70849762747995,0 4.473690656254542,35.70839825018172,0 4.4739278692898,35.70826337576201,0 4.474132634407931,35.70809710247986,0 4.474298729924457,35.707904482643656,0 4.474421109261843,35.70769136907773,0 4.474496054269019,35.70746423726692,0 4.4745212881613625,35.70722998858579,0 4.474496044653631,35.706995740593015,0 4.474421091190827,35.70676861076427,0 4.474298705577442,35.70655550023502,0 4.474132606721527,35.70636288412388,0 4.473927841603396,35.70619661480585,0 4.473690631907527,35.706061744111175,0 4.47342818497983,35.705962369849644,0 4.473148474854265,35.7059015113209,0 4.47286,35.70588101759114,0 4.472571525145735,35.7059015113209,0 4.472291815020171,35.705962369849644,0 4.472029368092474,35.706061744111175,0 4.471792158396605,35.70619661480585,0 4.471587393278473,35.70636288412388,0 4.471421294422558,35.70655550023502,0 4.471298908809174,35.70676861076427,0 4.471223955346369,35.706995740593015,0 4.471198711838638,35.70722998858579,0 4.471223945730982,35.70746423726692,0 4.471298890738158,35.70769136907773,0 4.471421270075544,35.707904482643656,0 4.471587365592069,35.70809710247986,0 4.471792130710201,35.70826337576201,0 4.472029343745459,35.70839825018172,0 4.472291796949153,35.70849762747995,0 4.472571515530348,35.70855848799076,0 4.47286,35.70857898240888,0</coordinates>
          </LinearRing>
        </outerBoundaryIs>
      </Polygon>
    </Placemark>
    <Placemark>
      <styleUrl>#pink</styleUrl>
      <name />
      <description>
    &lt;![CDATA[
    &lt;h2&gt;🔥 Incendio activo&lt;/h2&gt;

    &lt;table border="0" cellpadding="4"&gt;

        &lt;tr&gt;
            &lt;td&gt;&lt;b&gt;Focos agrupados&lt;/b&gt;&lt;/td&gt;
            &lt;td&gt;1&lt;/td&gt;
        &lt;/tr&gt;

        &lt;tr&gt;
            &lt;td&gt;&lt;b&gt;FRP máximo&lt;/b&gt;&lt;/td&gt;
            &lt;td&gt;1.2 MW&lt;/td&gt;
        &lt;/tr&gt;

        &lt;tr&gt;
            &lt;td&gt;&lt;b&gt;Confianza&lt;/b&gt;&lt;/td&gt;
            &lt;td&gt;Baja&lt;/td&gt;
        &lt;/tr&gt;

        &lt;tr&gt;
            &lt;td&gt;&lt;b&gt;Fecha&lt;/b&gt;&lt;/td&gt;
            &lt;td&gt;2026-09-28&lt;/td&gt;
        &lt;/tr&gt;

        &lt;tr&gt;
            &lt;td&gt;&lt;b&gt;Hora&lt;/b&gt;&lt;/td&gt;
            &lt;td&gt;58 UTC&lt;/td&gt;
        &lt;/tr&gt;

        &lt;tr&gt;
            &lt;td&gt;&lt;b&gt;Satélite&lt;/b&gt;&lt;/td&gt;
            &lt;td&gt;N21&lt;/td&gt;
        &lt;/tr&gt;

        &lt;tr&gt;
            &lt;td&gt;&lt;b&gt;Instrumento&lt;/b&gt;&lt;/td&gt;
            &lt;td&gt;VIIRS&lt;/td&gt;
        &lt;/tr&gt;

        &lt;tr&gt;
            &lt;td&gt;&lt;b&gt;Población más cercana&lt;/b&gt;&lt;/td&gt;
            &lt;td&gt;Santanyí&lt;/td&gt;
        &lt;/tr&gt;

        &lt;tr&gt;
            &lt;td&gt;&lt;b&gt;Distancia&lt;/b&gt;&lt;/td&gt;
            &lt;td&gt;422.5 km&lt;/td&gt;
        &lt;/tr&gt;

        &lt;tr&gt;
            &lt;td&gt;&lt;b&gt;Latitud&lt;/b&gt;&lt;/td&gt;
            &lt;td&gt;35.707230&lt;/td&gt;
        &lt;/tr&gt;

        &lt;tr&gt;
            &lt;td&gt;&lt;b&gt;Longitud&lt;/b&gt;&lt;/td&gt;
            &lt;td&gt;4.472860&lt;/td&gt;
        &lt;/tr&gt;

    &lt;/table&gt;

    ]]&gt;
    </description>
      <Point>
        <coordinates>4.47286,35.70723,0</coordinates>
      </Point>
    </Placemark>
    <Placemark>
      <styleUrl>#area_amarilla</styleUrl>
      <Polygon>
        <outerBoundaryIs>
          <LinearRing>
            <coordinates>-0.25947,35.80573898240887,0 -0.25918116304820393,35.80571848798951,0 -0.2589011026969432,35.805657627475156,0 -0.25863832882160537,35.80555825017149,0 -0.2584008259579341,35.80542337574511,0 -0.2581958106616337,35.80525710245585,0 -0.258029512218719,35.80506448261298,0 -0.25790698337181717,35.80485136904161,0 -0.2578319468134067,35.804624237227245,0 -0.2578066821080128,35.804389988544884,0 -0.2578319564750311,35.80415574055334,0 -0.2579070015297314,35.80392861072814,0 -0.25802953668281065,35.80371550020434,0 -0.25819583848117234,35.80352288409986,0 -0.25840085377747274,35.80335661478893,0 -0.2586383532856971,35.80322174410094,0 -0.2589011208548575,35.803122369844836,0 -0.2591811727098283,35.80306151131965,0 -0.25947,35.80304101759112,0 -0.2597588272901717,35.80306151131965,0 -0.2600388791451425,35.803122369844836,0 -0.2603016467143029,35.80322174410094,0 -0.2605391462225272,35.80335661478893,0 -0.2607441615188276,35.80352288409986,0 -0.2609104633171893,35.80371550020434,0 -0.26103299847026856,35.80392861072814,0 -0.2611080435249689,35.80415574055334,0 -0.26113331789198724,35.804389988544884,0 -0.2611080531865933,35.804624237227245,0 -0.26103301662818285,35.80485136904161,0 -0.26091048778128095,35.80506448261298,0 -0.26074418933836624,35.80525710245585,0 -0.2605391740420659,35.80542337574511,0 -0.2603016711783946,35.80555825017149,0 -0.26003889730305674,35.805657627475156,0 -0.2597588369517961,35.80571848798951,0 -0.25947,35.80573898240887,0</coordinates>
          </LinearRing>
        </outerBoundaryIs>
      </Polygon>
    </Placemark>
    <Placemark>
      <styleUrl>#pink</styleUrl>
      <name />
      <description>
    &lt;![CDATA[
    &lt;h2&gt;🔥 Incendio activo&lt;/h2&gt;

    &lt;table border="0" cellpadding="4"&gt;

        &lt;tr&gt;
            &lt;td&gt;&lt;b&gt;Focos agrupados&lt;/b&gt;&lt;/td&gt;
            &lt;td&gt;1&lt;/td&gt;
        &lt;/tr&gt;

        &lt;tr&gt;
            &lt;td&gt;&lt;b&gt;FRP máximo&lt;/b&gt;&lt;/td&gt;
            &lt;td&gt;1.0 MW&lt;/td&gt;
        &lt;/tr&gt;

        &lt;tr&gt;
            &lt;td&gt;&lt;b&gt;Confianza&lt;/b&gt;&lt;/td&gt;
            &lt;td&gt;Baja&lt;/td&gt;
        &lt;/tr&gt;

        &lt;tr&gt;
            &lt;td&gt;&lt;b&gt;Fecha&lt;/b&gt;&lt;/td&gt;
            &lt;td&gt;2026-09-28&lt;/td&gt;
        &lt;/tr&gt;

        &lt;tr&gt;
            &lt;td&gt;&lt;b&gt;Hora&lt;/b&gt;&lt;/td&gt;
            &lt;td&gt;58 UTC&lt;/td&gt;
        &lt;/tr&gt;

        &lt;tr&gt;
            &lt;td&gt;&lt;b&gt;Satélite&lt;/b&gt;&lt;/td&gt;
            &lt;td&gt;N21&lt;/td&gt;
        &lt;/tr&gt;

        &lt;tr&gt;
            &lt;td&gt;&lt;b&gt;Instrumento&lt;/b&gt;&lt;/td&gt;
            &lt;td&gt;VIIRS&lt;/td&gt;
        &lt;/tr&gt;

        &lt;tr&gt;
            &lt;td&gt;&lt;b&gt;Población más cercana&lt;/b&gt;&lt;/td&gt;
            &lt;td&gt;Carboneras&lt;/td&gt;
        &lt;/tr&gt;

        &lt;tr&gt;
            &lt;td&gt;&lt;b&gt;Distancia&lt;/b&gt;&lt;/td&gt;
            &lt;td&gt;197.5 km&lt;/td&gt;
        &lt;/tr&gt;

        &lt;tr&gt;
            &lt;td&gt;&lt;b&gt;Latitud&lt;/b&gt;&lt;/td&gt;
            &lt;td&gt;35.804390&lt;/td&gt;
        &lt;/tr&gt;

        &lt;tr&gt;
            &lt;td&gt;&lt;b&gt;Longitud&lt;/b&gt;&lt;/td&gt;
            &lt;td&gt;-0.259470&lt;/td&gt;
        &lt;/tr&gt;

    &lt;/table&gt;

    ]]&gt;
    </description>
      <Point>
        <coordinates>-0.25947,35.80439,0</coordinates>
      </Point>
    </Placemark>
    <Placemark>
      <styleUrl>#area_amarilla</styleUrl>
      <Polygon>
        <outerBoundaryIs>
          <LinearRing>
            <coordinates>-0.27557,35.812458982408884,0 -0.27528113860645836,35.812438487989425,0 -0.2750010545562468,35.81237762747484,0 -0.2747382584449607,35.8122782501708,0 -0.27450073548406617,35.812143375743936,0 -0.27429570283996174,35.81197710245419,0 -0.2741293903257664,35.81178448261087,0 -0.274006851111606,35.81157136903911,0 -0.2739318082048684,35.81134423722451,0 -0.27390654136284215,35.81110998854206,0 -0.273931817869699,35.8108757405506,0 -0.27400686927554607,35.81064861072565,0 -0.2741294147979767,35.81043550020222,0 -0.2742957306687324,35.810242884098216,0 -0.2745007633128369,35.810076614787775,0 -0.2747382829171709,35.80994174410024,0 -0.27500107272018687,35.80984236984452,0 -0.27528114827128897,35.80978151131958,0 -0.27557,35.80976101759113,0 -0.275858851728711,35.80978151131958,0 -0.27613892727981315,35.80984236984452,0 -0.2764017170828291,35.80994174410024,0 -0.2766392366871631,35.810076614787775,0 -0.2768442693312676,35.810242884098216,0 -0.2770105852020233,35.81043550020222,0 -0.27713313072445395,35.81064861072565,0 -0.277208182130301,35.8108757405506,0 -0.27723345863715787,35.81110998854206,0 -0.2772081917951316,35.81134423722451,0 -0.277133148888394,35.81157136903911,0 -0.2770106096742336,35.81178448261087,0 -0.2768442971600383,35.81197710245419,0 -0.27663926451593385,35.812143375743936,0 -0.2764017415550393,35.8122782501708,0 -0.2761389454437532,35.81237762747484,0 -0.27585886139354165,35.812438487989425,0 -0.27557,35.812458982408884,0</coordinates>
          </LinearRing>
        </outerBoundaryIs>
      </Polygon>
    </Placemark>
    <Placemark>
      <styleUrl>#pink</styleUrl>
      <name />
      <description>
    &lt;![CDATA[
    &lt;h2&gt;🔥 Incendio activo&lt;/h2&gt;

    &lt;table border="0" cellpadding="4"&gt;

        &lt;tr&gt;
            &lt;td&gt;&lt;b&gt;Focos agrupados&lt;/b&gt;&lt;/td&gt;
            &lt;td&gt;1&lt;/td&gt;
        &lt;/tr&gt;

        &lt;tr&gt;
            &lt;td&gt;&lt;b&gt;FRP máximo&lt;/b&gt;&lt;/td&gt;
            &lt;td&gt;1.8 MW&lt;/td&gt;
        &lt;/tr&gt;

        &lt;tr&gt;
            &lt;td&gt;&lt;b&gt;Confianza&lt;/b&gt;&lt;/td&gt;
            &lt;td&gt;Baja&lt;/td&gt;
        &lt;/tr&gt;

        &lt;tr&gt;
            &lt;td&gt;&lt;b&gt;Fecha&lt;/b&gt;&lt;/td&gt;
            &lt;td&gt;2026-09-28&lt;/td&gt;
        &lt;/tr&gt;

        &lt;tr&gt;
            &lt;td&gt;&lt;b&gt;Hora&lt;/b&gt;&lt;/td&gt;
            &lt;td&gt;58 UTC&lt;/td&gt;
        &lt;/tr&gt;

        &lt;tr&gt;
            &lt;td&gt;&lt;b&gt;Satélite&lt;/b&gt;&lt;/td&gt;
            &lt;td&gt;N21&lt;/td&gt;
        &lt;/tr&gt;

        &lt;tr&gt;
            &lt;td&gt;&lt;b&gt;Instrumento&lt;/b&gt;&lt;/td&gt;
            &lt;td&gt;VIIRS&lt;/td&gt;
        &lt;/tr&gt;

        &lt;tr&gt;
            &lt;td&gt;&lt;b&gt;Población más cercana&lt;/b&gt;&lt;/td&gt;
            &lt;td&gt;Carboneras&lt;/td&gt;
        &lt;/tr&gt;

        &lt;tr&gt;
            &lt;td&gt;&lt;b&gt;Distancia&lt;/b&gt;&lt;/td&gt;
            &lt;td&gt;195.9 km&lt;/td&gt;
        &lt;/tr&gt;

        &lt;tr&gt;
            &lt;td&gt;&lt;b&gt;Latitud&lt;/b&gt;&lt;/td&gt;
            &lt;td&gt;35.811110&lt;/td&gt;
        &lt;/tr&gt;

        &lt;tr&gt;
            &lt;td&gt;&lt;b&gt;Longitud&lt;/b&gt;&lt;/td&gt;
            &lt;td&gt;-0.275570&lt;/td&gt;
        &lt;/tr&gt;

    &lt;/table&gt;

    ]]&gt;
    </description>
      <Point>
        <coordinates>-0.27557,35.81111,0</coordinates>
      </Point>
    </Placemark>
    <Placemark>
      <styleUrl>#area_amarilla</styleUrl>
      <Polygon>
        <outerBoundaryIs>
          <LinearRing>
            <coordinates>-0.27097,35.816068982408886,0 -0.2706811254729455,35.81604848798939,0 -0.27040102868835403,35.815987627474655,0 -0.27013822062881687,35.81588825017042,0 -0.26990068686889257,35.81575337574331,0 -0.2696956449031296,35.81558710245331,0 -0.26952932482788083,35.81539448260972,0 -0.269406780042984,35.815181369037774,0 -0.26933173372504005,35.814954237223034,0 -0.2693064657349172,35.81471998854054,0 -0.26933174339159355,35.81448574054913,0 -0.26940679821016195,35.81425861072431,0 -0.26952934930445355,35.81404550020108,0 -0.26969567273686107,35.813852884097315,0 -0.26990071470262406,35.813686614787144,0 -0.2701382451053896,35.81355174409986,0 -0.270401046855532,35.81345236984435,0 -0.27068113513949904,35.81339151131953,0 -0.27097,35.81337101759112,0 -0.27125886486050094,35.81339151131953,0 -0.27153895314446796,35.81345236984435,0 -0.2718017548946104,35.81355174409986,0 -0.2720392852973759,35.813686614787144,0 -0.2722443272631389,35.813852884097315,0 -0.27241065069554643,35.81404550020108,0 -0.27253320178983803,35.81425861072431,0 -0.27260825660840643,35.81448574054913,0 -0.2726335342650828,35.81471998854054,0 -0.27260826627495993,35.814954237223034,0 -0.27253321995701596,35.815181369037774,0 -0.2724106751721191,35.81539448260972,0 -0.2722443550968704,35.81558710245331,0 -0.2720393131311074,35.81575337574331,0 -0.2718017793711831,35.81588825017042,0 -0.27153897131164595,35.815987627474655,0 -0.2712588745270545,35.81604848798939,0 -0.27097,35.816068982408886,0</coordinates>
          </LinearRing>
        </outerBoundaryIs>
      </Polygon>
    </Placemark>
    <Placemark>
      <styleUrl>#pink</styleUrl>
      <name />
      <description>
    &lt;![CDATA[
    &lt;h2&gt;🔥 Incendio activo&lt;/h2&gt;

    &lt;table border="0" cellpadding="4"&gt;

        &lt;tr&gt;
            &lt;td&gt;&lt;b&gt;Focos agrupados&lt;/b&gt;&lt;/td&gt;
            &lt;td&gt;1&lt;/td&gt;
        &lt;/tr&gt;

        &lt;tr&gt;
            &lt;td&gt;&lt;b&gt;FRP máximo&lt;/b&gt;&lt;/td&gt;
            &lt;td&gt;1.0 MW&lt;/td&gt;
        &lt;/tr&gt;

        &lt;tr&gt;
            &lt;td&gt;&lt;b&gt;Confianza&lt;/b&gt;&lt;/td&gt;
            &lt;td&gt;Baja&lt;/td&gt;
        &lt;/tr&gt;

        &lt;tr&gt;
            &lt;td&gt;&lt;b&gt;Fecha&lt;/b&gt;&lt;/td&gt;
            &lt;td&gt;2026-09-28&lt;/td&gt;
        &lt;/tr&gt;

        &lt;tr&gt;
            &lt;td&gt;&lt;b&gt;Hora&lt;/b&gt;&lt;/td&gt;
            &lt;td&gt;58 UTC&lt;/td&gt;
        &lt;/tr&gt;

        &lt;tr&gt;
            &lt;td&gt;&lt;b&gt;Satélite&lt;/b&gt;&lt;/td&gt;
            &lt;td&gt;N21&lt;/td&gt;
        &lt;/tr&gt;

        &lt;tr&gt;
            &lt;td&gt;&lt;b&gt;Instrumento&lt;/b&gt;&lt;/td&gt;
            &lt;td&gt;VIIRS&lt;/td&gt;
        &lt;/tr&gt;

        &lt;tr&gt;
            &lt;td&gt;&lt;b&gt;Población más cercana&lt;/b&gt;&lt;/td&gt;
            &lt;td&gt;Carboneras&lt;/td&gt;
        &lt;/tr&gt;

        &lt;tr&gt;
            &lt;td&gt;&lt;b&gt;Distancia&lt;/b&gt;&lt;/td&gt;
            &lt;td&gt;196.0 km&lt;/td&gt;
        &lt;/tr&gt;

        &lt;tr&gt;
            &lt;td&gt;&lt;b&gt;Latitud&lt;/b&gt;&lt;/td&gt;
            &lt;td&gt;35.814720&lt;/td&gt;
        &lt;/tr&gt;

        &lt;tr&gt;
            &lt;td&gt;&lt;b&gt;Longitud&lt;/b&gt;&lt;/td&gt;
            &lt;td&gt;-0.270970&lt;/td&gt;
        &lt;/tr&gt;

    &lt;/table&gt;

    ]]&gt;
    </description>
      <Point>
        <coordinates>-0.27097,35.81472,0</coordinates>
      </Point>
    </Placemark>
    <Placemark>
      <styleUrl>#area_amarilla</styleUrl>
      <Polygon>
        <outerBoundaryIs>
          <LinearRing>
            <coordinates>-0.27626,35.816328982408876,0 -0.27597112452695116,35.81630848798938,0 -0.2756910268251145,35.816247627474645,0 -0.27542821790495625,35.816148250170386,0 -0.27519068336718816,35.81601337574326,0 -0.2749856407299951,35.81584710245323,0 -0.27481932011013094,35.81565448260963,0 -0.27469677492397926,35.815441369037664,0 -0.2746217283603294,35.81521423722292,0 -0.27459646028751017,35.81497998854042,0 -0.274621738027007,35.81474574054902,0 -0.27469679309139045,35.81451861072421,0 -0.27481934458701784,35.814305500200994,0 -0.2749856685640839,35.81411288409725,0 -0.27519071120127697,35.8139466147871,0 -0.27542824238184316,35.81381174409982,0 -0.27569104499252567,35.813712369844325,0 -0.2759711341936288,35.81365151131952,0 -0.27626,35.81363101759112,0 -0.2765488658063712,35.81365151131952,0 -0.2768289550074743,35.813712369844325,0 -0.2770917576181568,35.81381174409982,0 -0.277329288798723,35.8139466147871,0 -0.27753433143591605,35.81411288409725,0 -0.27770065541298217,35.814305500200994,0 -0.27782320690860957,35.81451861072421,0 -0.277898261972993,35.81474574054902,0 -0.27792353971248984,35.81497998854042,0 -0.27789827163967057,35.81521423722292,0 -0.27782322507602075,35.815441369037664,0 -0.2777006798898691,35.81565448260963,0 -0.2775343592700049,35.81584710245323,0 -0.2773293166328118,35.81601337574326,0 -0.2770917820950437,35.816148250170386,0 -0.27682897317488553,35.816247627474645,0 -0.2765488754730488,35.81630848798938,0 -0.27626,35.816328982408876,0</coordinates>
          </LinearRing>
        </outerBoundaryIs>
      </Polygon>
    </Placemark>
    <Placemark>
      <styleUrl>#pink</styleUrl>
      <name />
      <description>
    &lt;![CDATA[
    &lt;h2&gt;🔥 Incendio activo&lt;/h2&gt;

    &lt;table border="0" cellpadding="4"&gt;

        &lt;tr&gt;
            &lt;td&gt;&lt;b&gt;Focos agrupados&lt;/b&gt;&lt;/td&gt;
            &lt;td&gt;1&lt;/td&gt;
        &lt;/tr&gt;

        &lt;tr&gt;
            &lt;td&gt;&lt;b&gt;FRP máximo&lt;/b&gt;&lt;/td&gt;
            &lt;td&gt;1.0 MW&lt;/td&gt;
        &lt;/tr&gt;

        &lt;tr&gt;
            &lt;td&gt;&lt;b&gt;Confianza&lt;/b&gt;&lt;/td&gt;
            &lt;td&gt;Baja&lt;/td&gt;
        &lt;/tr&gt;

        &lt;tr&gt;
            &lt;td&gt;&lt;b&gt;Fecha&lt;/b&gt;&lt;/td&gt;
            &lt;td&gt;2026-09-28&lt;/td&gt;
        &lt;/tr&gt;

        &lt;tr&gt;
            &lt;td&gt;&lt;b&gt;Hora&lt;/b&gt;&lt;/td&gt;
            &lt;td&gt;58 UTC&lt;/td&gt;
        &lt;/tr&gt;

        &lt;tr&gt;
            &lt;td&gt;&lt;b&gt;Satélite&lt;/b&gt;&lt;/td&gt;
            &lt;td&gt;N21&lt;/td&gt;
        &lt;/tr&gt;

        &lt;tr&gt;
            &lt;td&gt;&lt;b&gt;Instrumento&lt;/b&gt;&lt;/td&gt;
            &lt;td&gt;VIIRS&lt;/td&gt;
        &lt;/tr&gt;

        &lt;tr&gt;
            &lt;td&gt;&lt;b&gt;Población más cercana&lt;/b&gt;&lt;/td&gt;
            &lt;td&gt;Carboneras&lt;/td&gt;
        &lt;/tr&gt;

        &lt;tr&gt;
            &lt;td&gt;&lt;b&gt;Distancia&lt;/b&gt;&lt;/td&gt;
            &lt;td&gt;195.6 km&lt;/td&gt;
        &lt;/tr&gt;

        &lt;tr&gt;
            &lt;td&gt;&lt;b&gt;Latitud&lt;/b&gt;&lt;/td&gt;
            &lt;td&gt;35.814980&lt;/td&gt;
        &lt;/tr&gt;

        &lt;tr&gt;
            &lt;td&gt;&lt;b&gt;Longitud&lt;/b&gt;&lt;/td&gt;
            &lt;td&gt;-0.276260&lt;/td&gt;
        &lt;/tr&gt;

    &lt;/table&gt;

    ]]&gt;
    </description>
      <Point>
        <coordinates>-0.27626,35.81498,0</coordinates>
      </Point>
    </Placemark>
    <Placemark>
      <styleUrl>#area_amarilla</styleUrl>
      <Polygon>
        <outerBoundaryIs>
          <LinearRing>
            <coordinates>4.44551,35.88253898240888,0 4.445799116769904,35.88251848798854,0 4.446079448435485,35.882457627471375,0 4.4463424768761515,35.882358250163406,0 4.446580209820239,35.88222337573172,0 4.446785423720591,35.882057102436846,0 4.446951883256709,35.88186448258869,0 4.447074530791807,35.88165136901301,0 4.447149640028205,35.88142423719584,0 4.447174929194551,35.881189988512496,0 4.447149630329873,35.880955740521934,0 4.447074512564905,35.88072861069955,0 4.44695185869967,35.88051550018005,0 4.446785395795357,35.88032288408087,0 4.446580181895005,35.88015661477556,0 4.446342452319113,35.88002174409285,0 4.4460794302085835,35.87992236984107,0 4.445799107071572,35.87986151131869,0 4.44551,35.879841017591126,0 4.445220892928427,35.87986151131869,0 4.444940569791415,35.87992236984107,0 4.444677547680886,35.88002174409285,0 4.444439818104994,35.88015661477556,0 4.444234604204643,35.88032288408087,0 4.4440681413003285,35.88051550018005,0 4.443945487435094,35.88072861069955,0 4.443870369670126,35.880955740521934,0 4.443845070805447,35.881189988512496,0 4.443870359971794,35.88142423719584,0 4.4439454692081926,35.88165136901301,0 4.44406811674329,35.88186448258869,0 4.444234576279408,35.882057102436846,0 4.44443979017976,35.88222337573172,0 4.444677523123847,35.882358250163406,0 4.444940551564513,35.882457627471375,0 4.445220883230095,35.88251848798854,0 4.44551,35.88253898240888,0</coordinates>
          </LinearRing>
        </outerBoundaryIs>
      </Polygon>
    </Placemark>
    <Placemark>
      <styleUrl>#pink</styleUrl>
      <name />
      <description>
    &lt;![CDATA[
    &lt;h2&gt;🔥 Incendio activo&lt;/h2&gt;

    &lt;table border="0" cellpadding="4"&gt;

        &lt;tr&gt;
            &lt;td&gt;&lt;b&gt;Focos agrupados&lt;/b&gt;&lt;/td&gt;
            &lt;td&gt;1&lt;/td&gt;
        &lt;/tr&gt;

        &lt;tr&gt;
            &lt;td&gt;&lt;b&gt;FRP máximo&lt;/b&gt;&lt;/td&gt;
            &lt;td&gt;1.4 MW&lt;/td&gt;
        &lt;/tr&gt;

        &lt;tr&gt;
            &lt;td&gt;&lt;b&gt;Confianza&lt;/b&gt;&lt;/td&gt;
            &lt;td&gt;Baja&lt;/td&gt;
        &lt;/tr&gt;

        &lt;tr&gt;
            &lt;td&gt;&lt;b&gt;Fecha&lt;/b&gt;&lt;/td&gt;
            &lt;td&gt;2026-09-28&lt;/td&gt;
        &lt;/tr&gt;

        &lt;tr&gt;
            &lt;td&gt;&lt;b&gt;Hora&lt;/b&gt;&lt;/td&gt;
            &lt;td&gt;58 UTC&lt;/td&gt;
        &lt;/tr&gt;

        &lt;tr&gt;
            &lt;td&gt;&lt;b&gt;Satélite&lt;/b&gt;&lt;/td&gt;
            &lt;td&gt;N21&lt;/td&gt;
        &lt;/tr&gt;

        &lt;tr&gt;
            &lt;td&gt;&lt;b&gt;Instrumento&lt;/b&gt;&lt;/td&gt;
            &lt;td&gt;VIIRS&lt;/td&gt;
        &lt;/tr&gt;

        &lt;tr&gt;
            &lt;td&gt;&lt;b&gt;Población más cercana&lt;/b&gt;&lt;/td&gt;
            &lt;td&gt;Santanyí&lt;/td&gt;
        &lt;/tr&gt;

        &lt;tr&gt;
            &lt;td&gt;&lt;b&gt;Distancia&lt;/b&gt;&lt;/td&gt;
            &lt;td&gt;403.2 km&lt;/td&gt;
        &lt;/tr&gt;

        &lt;tr&gt;
            &lt;td&gt;&lt;b&gt;Latitud&lt;/b&gt;&lt;/td&gt;
            &lt;td&gt;35.881190&lt;/td&gt;
        &lt;/tr&gt;

        &lt;tr&gt;
            &lt;td&gt;&lt;b&gt;Longitud&lt;/b&gt;&lt;/td&gt;
            &lt;td&gt;4.445510&lt;/td&gt;
        &lt;/tr&gt;

    &lt;/table&gt;

    ]]&gt;
    </description>
      <Point>
        <coordinates>4.44551,35.88119,0</coordinates>
      </Point>
    </Placemark>
    <Placemark>
      <styleUrl>#area_amarilla</styleUrl>
      <Polygon>
        <outerBoundaryIs>
          <LinearRing>
            <coordinates>4.61471,36.08590898240888,0 4.614999862887436,36.085888487985954,0 4.6152809179957295,36.085827627461306,0 4.615544625218962,36.085728250141884,0 4.615782971658123,36.08559337569616,0 4.615988715123785,36.08542710238633,0 4.616155604204876,36.08523448252413,0 4.616278568214637,36.085021368937,0 4.6163538712423495,36.08479423711235,0 4.6163792256322935,36.08455998842641,0 4.616353861446126,36.084325740438445,0 4.616278549803761,36.084098610623535,0 4.616155579399969,36.083885500115485,0 4.615988686916685,36.08369288403035,0 4.615782943451023,36.08352661473999,0 4.615544600414055,36.08339174407133,0 4.615280899584852,36.08329236983099,0 4.614999853091214,36.08323151131608,0 4.61471,36.083211017591125,0 4.614420146908786,36.08323151131608,0 4.614139100415147,36.08329236983099,0 4.613875399585945,36.08339174407133,0 4.613637056548977,36.08352661473999,0 4.613431313083315,36.08369288403035,0 4.613264420600031,36.083885500115485,0 4.613141450196239,36.084098610623535,0 4.613066138553874,36.084325740438445,0 4.613040774367706,36.08455998842641,0 4.613066128757651,36.08479423711235,0 4.613141431785363,36.085021368937,0 4.613264395795124,36.08523448252413,0 4.613431284876215,36.08542710238633,0 4.613637028341877,36.08559337569616,0 4.613875374781038,36.085728250141884,0 4.614139082004271,36.085827627461306,0 4.614420137112563,36.085888487985954,0 4.61471,36.08590898240888,0</coordinates>
          </LinearRing>
        </outerBoundaryIs>
      </Polygon>
    </Placemark>
    <Placemark>
      <styleUrl>#pink</styleUrl>
      <name />
      <description>
    &lt;![CDATA[
    &lt;h2&gt;🔥 Incendio activo&lt;/h2&gt;

    &lt;table border="0" cellpadding="4"&gt;

        &lt;tr&gt;
            &lt;td&gt;&lt;b&gt;Focos agrupados&lt;/b&gt;&lt;/td&gt;
            &lt;td&gt;1&lt;/td&gt;
        &lt;/tr&gt;

        &lt;tr&gt;
            &lt;td&gt;&lt;b&gt;FRP máximo&lt;/b&gt;&lt;/td&gt;
            &lt;td&gt;0.4 MW&lt;/td&gt;
        &lt;/tr&gt;

        &lt;tr&gt;
            &lt;td&gt;&lt;b&gt;Confianza&lt;/b&gt;&lt;/td&gt;
            &lt;td&gt;Baja&lt;/td&gt;
        &lt;/tr&gt;

        &lt;tr&gt;
            &lt;td&gt;&lt;b&gt;Fecha&lt;/b&gt;&lt;/td&gt;
            &lt;td&gt;2026-09-28&lt;/td&gt;
        &lt;/tr&gt;

        &lt;tr&gt;
            &lt;td&gt;&lt;b&gt;Hora&lt;/b&gt;&lt;/td&gt;
            &lt;td&gt;58 UTC&lt;/td&gt;
        &lt;/tr&gt;

        &lt;tr&gt;
            &lt;td&gt;&lt;b&gt;Satélite&lt;/b&gt;&lt;/td&gt;
            &lt;td&gt;N21&lt;/td&gt;
        &lt;/tr&gt;

        &lt;tr&gt;
            &lt;td&gt;&lt;b&gt;Instrumento&lt;/b&gt;&lt;/td&gt;
            &lt;td&gt;VIIRS&lt;/td&gt;
        &lt;/tr&gt;

        &lt;tr&gt;
            &lt;td&gt;&lt;b&gt;Población más cercana&lt;/b&gt;&lt;/td&gt;
            &lt;td&gt;Santanyí&lt;/td&gt;
        &lt;/tr&gt;

        &lt;tr&gt;
            &lt;td&gt;&lt;b&gt;Distancia&lt;/b&gt;&lt;/td&gt;
            &lt;td&gt;386.4 km&lt;/td&gt;
        &lt;/tr&gt;

        &lt;tr&gt;
            &lt;td&gt;&lt;b&gt;Latitud&lt;/b&gt;&lt;/td&gt;
            &lt;td&gt;36.084560&lt;/td&gt;
        &lt;/tr&gt;

        &lt;tr&gt;
            &lt;td&gt;&lt;b&gt;Longitud&lt;/b&gt;&lt;/td&gt;
            &lt;td&gt;4.614710&lt;/td&gt;
        &lt;/tr&gt;

    &lt;/table&gt;

    ]]&gt;
    </description>
      <Point>
        <coordinates>4.61471,36.08456,0</coordinates>
      </Point>
    </Placemark>
    <Placemark>
      <styleUrl>#area_amarilla</styleUrl>
      <Polygon>
        <outerBoundaryIs>
          <LinearRing>
            <coordinates>1.24219,36.12652898240888,0 1.2424800128127749,36.12650848798543,0 1.2427612132901127,36.126447627459285,0 1.2430250569083516,36.126348250137575,0 1.2432635266236083,36.126213375689034,0 1.2434693765004645,36.12604710237621,0 1.243636351894599,36.125854482511194,0 1.2437593794969815,36.12564136892176,0 1.2438347214652439,36.12541423709562,0 1.2438600889612583,36.125179988409165,0 1.2438347116493482,36.12494574042172,0 1.243759361049132,36.124718610608305,0 1.2436363270398787,36.12450550010256,0 1.2434693482367196,36.12431288402023,0 1.2432634983598632,36.12414661473287,0 1.2430250320536314,36.12401174406701,0 1.2427611948422632,36.12391236982898,0 1.2424800029968792,36.123851511315564,0 1.24219,36.12383101759114,0 1.2418999970031208,36.123851511315564,0 1.2416188051577368,36.12391236982898,0 1.2413549679463685,36.12401174406701,0 1.2411165016401369,36.12414661473287,0 1.2409106517632804,36.12431288402023,0 1.2407436729601213,36.12450550010256,0 1.240620638950868,36.124718610608305,0 1.2405452883506518,36.12494574042172,0 1.2405199110387417,36.125179988409165,0 1.2405452785347562,36.12541423709562,0 1.2406206205030186,36.12564136892176,0 1.240743648105401,36.125854482511194,0 1.2409106234995353,36.12604710237621,0 1.2411164733763917,36.126213375689034,0 1.2413549430916482,36.126348250137575,0 1.2416187867098873,36.126447627459285,0 1.2418999871872252,36.12650848798543,0 1.24219,36.12652898240888,0</coordinates>
          </LinearRing>
        </outerBoundaryIs>
      </Polygon>
    </Placemark>
    <Placemark>
      <styleUrl>#pink</styleUrl>
      <name />
      <description>
    &lt;![CDATA[
    &lt;h2&gt;🔥 Incendio activo&lt;/h2&gt;

    &lt;table border="0" cellpadding="4"&gt;

        &lt;tr&gt;
            &lt;td&gt;&lt;b&gt;Focos agrupados&lt;/b&gt;&lt;/td&gt;
            &lt;td&gt;1&lt;/td&gt;
        &lt;/tr&gt;

        &lt;tr&gt;
            &lt;td&gt;&lt;b&gt;FRP máximo&lt;/b&gt;&lt;/td&gt;
            &lt;td&gt;0.7 MW&lt;/td&gt;
        &lt;/tr&gt;

        &lt;tr&gt;
            &lt;td&gt;&lt;b&gt;Confianza&lt;/b&gt;&lt;/td&gt;
            &lt;td&gt;Baja&lt;/td&gt;
        &lt;/tr&gt;

        &lt;tr&gt;
            &lt;td&gt;&lt;b&gt;Fecha&lt;/b&gt;&lt;/td&gt;
            &lt;td&gt;2026-09-28&lt;/td&gt;
        &lt;/tr&gt;

        &lt;tr&gt;
            &lt;td&gt;&lt;b&gt;Hora&lt;/b&gt;&lt;/td&gt;
            &lt;td&gt;58 UTC&lt;/td&gt;
        &lt;/tr&gt;

        &lt;tr&gt;
            &lt;td&gt;&lt;b&gt;Satélite&lt;/b&gt;&lt;/td&gt;
            &lt;td&gt;N21&lt;/td&gt;
        &lt;/tr&gt;

        &lt;tr&gt;
            &lt;td&gt;&lt;b&gt;Instrumento&lt;/b&gt;&lt;/td&gt;
            &lt;td&gt;VIIRS&lt;/td&gt;
        &lt;/tr&gt;

        &lt;tr&gt;
            &lt;td&gt;&lt;b&gt;Población más cercana&lt;/b&gt;&lt;/td&gt;
            &lt;td&gt;La Unión&lt;/td&gt;
        &lt;/tr&gt;

        &lt;tr&gt;
            &lt;td&gt;&lt;b&gt;Distancia&lt;/b&gt;&lt;/td&gt;
            &lt;td&gt;251.2 km&lt;/td&gt;
        &lt;/tr&gt;

        &lt;tr&gt;
            &lt;td&gt;&lt;b&gt;Latitud&lt;/b&gt;&lt;/td&gt;
            &lt;td&gt;36.125180&lt;/td&gt;
        &lt;/tr&gt;

        &lt;tr&gt;
            &lt;td&gt;&lt;b&gt;Longitud&lt;/b&gt;&lt;/td&gt;
            &lt;td&gt;1.242190&lt;/td&gt;
        &lt;/tr&gt;

    &lt;/table&gt;

    ]]&gt;
    </description>
      <Point>
        <coordinates>1.24219,36.12518,0</coordinates>
      </Point>
    </Placemark>
    <Placemark>
      <styleUrl>#area_amarilla</styleUrl>
      <Polygon>
        <outerBoundaryIs>
          <LinearRing>
            <coordinates>1.23795,36.13236898240888,0 1.238240034392513,36.13234848798535,0 1.238521255793772,36.13228762745899,0 1.2387851190442394,36.13218825013694,0 1.2390236065034335,36.132053375688,0 1.2392294716967516,36.13188710237474,0 1.2393964595144888,36.131694482509324,0 1.2395194962701745,36.13148136891956,0 1.2395948438434061,36.13125423709321,0 1.2396202132258634,36.13101998840668,0 1.2395948340246787,36.13078574041931,0 1.2395194778170033,36.13055861060611,0 1.2393964346525983,36.130345500100695,0 1.2392294434248532,36.13015288401877,0 1.2390235782315349,36.129986614731834,0 1.238785094182349,36.12985174406639,0 1.2385212373406005,36.12975236982867,0 1.2382400245737857,36.129691511315485,0 1.23795,36.12967101759112,0 1.2376599754262145,36.129691511315485,0 1.2373787626593997,36.12975236982867,0 1.2371149058176514,36.12985174406639,0 1.2368764217684654,36.129986614731834,0 1.2366705565751472,36.13015288401877,0 1.236503565347402,36.130345500100695,0 1.2363805221829969,36.13055861060611,0 1.2363051659753215,36.13078574041931,0 1.2362797867741369,36.13101998840668,0 1.236305156156594,36.13125423709321,0 1.2363805037298257,36.13148136891956,0 1.2365035404855114,36.131694482509324,0 1.2366705283032486,36.13188710237474,0 1.236876393496567,36.132053375688,0 1.2371148809557608,36.13218825013694,0 1.2373787442062285,36.13228762745899,0 1.2376599656074874,36.13234848798535,0 1.23795,36.13236898240888,0</coordinates>
          </LinearRing>
        </outerBoundaryIs>
      </Polygon>
    </Placemark>
    <Placemark>
      <styleUrl>#pink</styleUrl>
      <name />
      <description>
    &lt;![CDATA[
    &lt;h2&gt;🔥 Incendio activo&lt;/h2&gt;

    &lt;table border="0" cellpadding="4"&gt;

        &lt;tr&gt;
            &lt;td&gt;&lt;b&gt;Focos agrupados&lt;/b&gt;&lt;/td&gt;
            &lt;td&gt;1&lt;/td&gt;
        &lt;/tr&gt;

        &lt;tr&gt;
            &lt;td&gt;&lt;b&gt;FRP máximo&lt;/b&gt;&lt;/td&gt;
            &lt;td&gt;0.9 MW&lt;/td&gt;
        &lt;/tr&gt;

        &lt;tr&gt;
            &lt;td&gt;&lt;b&gt;Confianza&lt;/b&gt;&lt;/td&gt;
            &lt;td&gt;Baja&lt;/td&gt;
        &lt;/tr&gt;

        &lt;tr&gt;
            &lt;td&gt;&lt;b&gt;Fecha&lt;/b&gt;&lt;/td&gt;
            &lt;td&gt;2026-09-28&lt;/td&gt;
        &lt;/tr&gt;

        &lt;tr&gt;
            &lt;td&gt;&lt;b&gt;Hora&lt;/b&gt;&lt;/td&gt;
            &lt;td&gt;58 UTC&lt;/td&gt;
        &lt;/tr&gt;

        &lt;tr&gt;
            &lt;td&gt;&lt;b&gt;Satélite&lt;/b&gt;&lt;/td&gt;
            &lt;td&gt;N21&lt;/td&gt;
        &lt;/tr&gt;

        &lt;tr&gt;
            &lt;td&gt;&lt;b&gt;Instrumento&lt;/b&gt;&lt;/td&gt;
            &lt;td&gt;VIIRS&lt;/td&gt;
        &lt;/tr&gt;

        &lt;tr&gt;
            &lt;td&gt;&lt;b&gt;Población más cercana&lt;/b&gt;&lt;/td&gt;
            &lt;td&gt;La Unión&lt;/td&gt;
        &lt;/tr&gt;

        &lt;tr&gt;
            &lt;td&gt;&lt;b&gt;Distancia&lt;/b&gt;&lt;/td&gt;
            &lt;td&gt;250.5 km&lt;/td&gt;
        &lt;/tr&gt;

        &lt;tr&gt;
            &lt;td&gt;&lt;b&gt;Latitud&lt;/b&gt;&lt;/td&gt;
            &lt;td&gt;36.131020&lt;/td&gt;
        &lt;/tr&gt;

        &lt;tr&gt;
            &lt;td&gt;&lt;b&gt;Longitud&lt;/b&gt;&lt;/td&gt;
            &lt;td&gt;1.237950&lt;/td&gt;
        &lt;/tr&gt;

    &lt;/table&gt;

    ]]&gt;
    </description>
      <Point>
        <coordinates>1.23795,36.13102,0</coordinates>
      </Point>
    </Placemark>
    <Placemark>
      <styleUrl>#area_amarilla</styleUrl>
      <Polygon>
        <outerBoundaryIs>
          <LinearRing>
            <coordinates>2.87783,36.59924898240889,0 2.8781217798898426,36.599228487979346,0 2.878404693742041,36.599167627435655,0 2.878670144963701,36.599068250087065,0 2.878910067657893,36.598933375605554,0 2.879117171737535,36.598767102257646,0 2.8792851644499886,36.598574482359666,0 2.8794089415791575,36.59836136874337,0 2.8794847425155123,36.598134236899675,0 2.8795102644846144,36.597899988207125,0 2.8794847324676653,36.59766574022578,0 2.8794089226953825,36.597438610429904,0 2.8792851390079477,36.59722549995103,0 2.8791171428059132,36.597032883901676,0 2.878910038726271,36.59686661464939,0 2.8786701195216597,36.596731744016516,0 2.878404674858266,36.59663236980535,0 2.878121769841996,36.59657151130947,0 2.87783,36.59655101759113,0 2.877538230158004,36.59657151130947,0 2.8772553251417343,36.59663236980535,0 2.87698988047834,36.596731744016516,0 2.876749961273729,36.59686661464939,0 2.8765428571940865,36.597032883901676,0 2.876374860992052,36.59722549995103,0 2.8762510773046173,36.597438610429904,0 2.8761752675323344,36.59766574022578,0 2.8761497355153853,36.597899988207125,0 2.8761752574844874,36.598134236899675,0 2.8762510584208423,36.59836136874337,0 2.876374835550011,36.598574482359666,0 2.876542828262465,36.598767102257646,0 2.876749932342107,36.598933375605554,0 2.876989855036299,36.599068250087065,0 2.877255306257959,36.599167627435655,0 2.877538220110157,36.599228487979346,0 2.87783,36.59924898240889,0</coordinates>
          </LinearRing>
        </outerBoundaryIs>
      </Polygon>
    </Placemark>
    <Placemark>
      <styleUrl>#pink</styleUrl>
      <name />
      <description>
    &lt;![CDATA[
    &lt;h2&gt;🔥 Incendio activo&lt;/h2&gt;

    &lt;table border="0" cellpadding="4"&gt;

        &lt;tr&gt;
            &lt;td&gt;&lt;b&gt;Focos agrupados&lt;/b&gt;&lt;/td&gt;
            &lt;td&gt;1&lt;/td&gt;
        &lt;/tr&gt;

        &lt;tr&gt;
            &lt;td&gt;&lt;b&gt;FRP máximo&lt;/b&gt;&lt;/td&gt;
            &lt;td&gt;0.5 MW&lt;/td&gt;
        &lt;/tr&gt;

        &lt;tr&gt;
            &lt;td&gt;&lt;b&gt;Confianza&lt;/b&gt;&lt;/td&gt;
            &lt;td&gt;Baja&lt;/td&gt;
        &lt;/tr&gt;

        &lt;tr&gt;
            &lt;td&gt;&lt;b&gt;Fecha&lt;/b&gt;&lt;/td&gt;
            &lt;td&gt;2026-09-28&lt;/td&gt;
        &lt;/tr&gt;

        &lt;tr&gt;
            &lt;td&gt;&lt;b&gt;Hora&lt;/b&gt;&lt;/td&gt;
            &lt;td&gt;58 UTC&lt;/td&gt;
        &lt;/tr&gt;

        &lt;tr&gt;
            &lt;td&gt;&lt;b&gt;Satélite&lt;/b&gt;&lt;/td&gt;
            &lt;td&gt;N21&lt;/td&gt;
        &lt;/tr&gt;

        &lt;tr&gt;
            &lt;td&gt;&lt;b&gt;Instrumento&lt;/b&gt;&lt;/td&gt;
            &lt;td&gt;VIIRS&lt;/td&gt;
        &lt;/tr&gt;

        &lt;tr&gt;
            &lt;td&gt;&lt;b&gt;Población más cercana&lt;/b&gt;&lt;/td&gt;
            &lt;td&gt;Formentera&lt;/td&gt;
        &lt;/tr&gt;

        &lt;tr&gt;
            &lt;td&gt;&lt;b&gt;Distancia&lt;/b&gt;&lt;/td&gt;
            &lt;td&gt;266.8 km&lt;/td&gt;
        &lt;/tr&gt;

        &lt;tr&gt;
            &lt;td&gt;&lt;b&gt;Latitud&lt;/b&gt;&lt;/td&gt;
            &lt;td&gt;36.597900&lt;/td&gt;
        &lt;/tr&gt;

        &lt;tr&gt;
            &lt;td&gt;&lt;b&gt;Longitud&lt;/b&gt;&lt;/td&gt;
            &lt;td&gt;2.877830&lt;/td&gt;
        &lt;/tr&gt;

    &lt;/table&gt;

    ]]&gt;
    </description>
      <Point>
        <coordinates>2.87783,36.5979,0</coordinates>
      </Point>
    </Placemark>
    <Placemark>
      <styleUrl>#area_amarilla</styleUrl>
      <Polygon>
        <outerBoundaryIs>
          <LinearRing>
            <coordinates>3.13548,36.602018982408886,0 3.135771790366513,36.6019984879793,0 3.136054714376991,36.601937627435525,0 3.136320175129832,36.601838250086765,0 3.136560106438465,36.60170337560506,0 3.136767217954041,36.601537102256955,0 3.136935216697985,36.60134448235877,0 3.1370589982709585,36.60113136874231,0 3.137134801928449,36.60090423689853,0 3.137160324813393,36.60066998820594,0 3.1371347918792263,36.60043574022462,0 3.1370589793845975,36.60020861042885,0 3.1369351912524603,36.59999549995014,0 3.136767189018458,36.59980288390097,0 3.1365600775028817,36.5996366146489,0 3.136320149684307,36.59950174401622,0 3.13605469549063,36.599402369805205,0 3.1357717803172904,36.59934151130945,0 3.13548,36.59932101759113,0 3.1351882196827088,36.59934151130945,0 3.134905304509369,36.599402369805205,0 3.1346398503156925,36.59950174401622,0 3.134399922497118,36.5996366146489,0 3.1341928109815416,36.59980288390097,0 3.134024808747539,36.59999549995014,0 3.1339010206154017,36.60020861042885,0 3.133825208120773,36.60043574022462,0 3.1337996751866064,36.60066998820594,0 3.1338251980715506,36.60090423689853,0 3.133901001729041,36.60113136874231,0 3.134024783302014,36.60134448235877,0 3.1341927820459587,36.601537102256955,0 3.1343998935615347,36.60170337560506,0 3.1346398248701677,36.601838250086765,0 3.1349052856230086,36.601937627435525,0 3.1351882096334864,36.6019984879793,0 3.13548,36.602018982408886,0</coordinates>
          </LinearRing>
        </outerBoundaryIs>
      </Polygon>
    </Placemark>
    <Placemark>
      <styleUrl>#pink</styleUrl>
      <name />
      <description>
    &lt;![CDATA[
    &lt;h2&gt;🔥 Incendio activo&lt;/h2&gt;

    &lt;table border="0" cellpadding="4"&gt;

        &lt;tr&gt;
            &lt;td&gt;&lt;b&gt;Focos agrupados&lt;/b&gt;&lt;/td&gt;
            &lt;td&gt;1&lt;/td&gt;
        &lt;/tr&gt;

        &lt;tr&gt;
            &lt;td&gt;&lt;b&gt;FRP máximo&lt;/b&gt;&lt;/td&gt;
            &lt;td&gt;0.6 MW&lt;/td&gt;
        &lt;/tr&gt;

        &lt;tr&gt;
            &lt;td&gt;&lt;b&gt;Confianza&lt;/b&gt;&lt;/td&gt;
            &lt;td&gt;Baja&lt;/td&gt;
        &lt;/tr&gt;

        &lt;tr&gt;
            &lt;td&gt;&lt;b&gt;Fecha&lt;/b&gt;&lt;/td&gt;
            &lt;td&gt;2026-09-28&lt;/td&gt;
        &lt;/tr&gt;

        &lt;tr&gt;
            &lt;td&gt;&lt;b&gt;Hora&lt;/b&gt;&lt;/td&gt;
            &lt;td&gt;58 UTC&lt;/td&gt;
        &lt;/tr&gt;

        &lt;tr&gt;
            &lt;td&gt;&lt;b&gt;Satélite&lt;/b&gt;&lt;/td&gt;
            &lt;td&gt;N21&lt;/td&gt;
        &lt;/tr&gt;

        &lt;tr&gt;
            &lt;td&gt;&lt;b&gt;Instrumento&lt;/b&gt;&lt;/td&gt;
            &lt;td&gt;VIIRS&lt;/td&gt;
        &lt;/tr&gt;

        &lt;tr&gt;
            &lt;td&gt;&lt;b&gt;Población más cercana&lt;/b&gt;&lt;/td&gt;
            &lt;td&gt;Formentera&lt;/td&gt;
        &lt;/tr&gt;

        &lt;tr&gt;
            &lt;td&gt;&lt;b&gt;Distancia&lt;/b&gt;&lt;/td&gt;
            &lt;td&gt;278.1 km&lt;/td&gt;
        &lt;/tr&gt;

        &lt;tr&gt;
            &lt;td&gt;&lt;b&gt;Latitud&lt;/b&gt;&lt;/td&gt;
            &lt;td&gt;36.600670&lt;/td&gt;
        &lt;/tr&gt;

        &lt;tr&gt;
            &lt;td&gt;&lt;b&gt;Longitud&lt;/b&gt;&lt;/td&gt;
            &lt;td&gt;3.135480&lt;/td&gt;
        &lt;/tr&gt;

    &lt;/table&gt;

    ]]&gt;
    </description>
      <Point>
        <coordinates>3.13548,36.60067,0</coordinates>
      </Point>
    </Placemark>
    <Placemark>
      <styleUrl>#area_amarilla</styleUrl>
      <Polygon>
        <outerBoundaryIs>
          <LinearRing>
            <coordinates>3.22999,36.630588982408874,0 3.230281898507455,36.63056848797892,0 3.230564927372426,36.63050762743407,0 3.2308304865067976,36.63040825008368,0 3.231070506734307,36.63027337559998,0 3.231277695004129,36.630107102249724,0 3.2314457560055483,36.62991448234954,0 3.231569583447786,36.629701368731446,0 3.2316454151930363,36.629474236886594,0 3.231670947531365,36.62923998819364,0 3.2316454051296133,36.62900574021269,0 3.2315695645347375,36.62877861041798,0 3.2314457305240665,36.628565499940905,0 3.2312776660276565,36.62837288389375,0 3.231070477757835,36.628206614643815,0 3.230830461025316,36.628071744013134,0 3.2305649084593773,36.627972369803764,0 3.230281888444032,36.627911511309065,0 3.22999,36.627891017591125,0 3.2296981115559684,36.627911511309065,0 3.2294150915406226,36.627972369803764,0 3.2291495389746845,36.628071744013134,0 3.2289095222421653,36.628206614643815,0 3.2287023339723437,36.62837288389375,0 3.228534269475934,36.628565499940905,0 3.2284104354652627,36.62877861041798,0 3.2283345948703865,36.62900574021269,0 3.228309052468635,36.62923998819364,0 3.228334584806964,36.629474236886594,0 3.228410416552214,36.629701368731446,0 3.228534243994452,36.62991448234954,0 3.2287023049958714,36.630107102249724,0 3.228909493265693,36.63027337559998,0 3.2291495134932027,36.63040825008368,0 3.229415072627574,36.63050762743407,0 3.229698101492545,36.63056848797892,0 3.22999,36.630588982408874,0</coordinates>
          </LinearRing>
        </outerBoundaryIs>
      </Polygon>
    </Placemark>
    <Placemark>
      <styleUrl>#pink</styleUrl>
      <name />
      <description>
    &lt;![CDATA[
    &lt;h2&gt;🔥 Incendio activo&lt;/h2&gt;

    &lt;table border="0" cellpadding="4"&gt;

        &lt;tr&gt;
            &lt;td&gt;&lt;b&gt;Focos agrupados&lt;/b&gt;&lt;/td&gt;
            &lt;td&gt;1&lt;/td&gt;
        &lt;/tr&gt;

        &lt;tr&gt;
            &lt;td&gt;&lt;b&gt;FRP máximo&lt;/b&gt;&lt;/td&gt;
            &lt;td&gt;1.9 MW&lt;/td&gt;
        &lt;/tr&gt;

        &lt;tr&gt;
            &lt;td&gt;&lt;b&gt;Confianza&lt;/b&gt;&lt;/td&gt;
            &lt;td&gt;Baja&lt;/td&gt;
        &lt;/tr&gt;

        &lt;tr&gt;
            &lt;td&gt;&lt;b&gt;Fecha&lt;/b&gt;&lt;/td&gt;
            &lt;td&gt;2026-09-28&lt;/td&gt;
        &lt;/tr&gt;

        &lt;tr&gt;
            &lt;td&gt;&lt;b&gt;Hora&lt;/b&gt;&lt;/td&gt;
            &lt;td&gt;58 UTC&lt;/td&gt;
        &lt;/tr&gt;

        &lt;tr&gt;
            &lt;td&gt;&lt;b&gt;Satélite&lt;/b&gt;&lt;/td&gt;
            &lt;td&gt;N21&lt;/td&gt;
        &lt;/tr&gt;

        &lt;tr&gt;
            &lt;td&gt;&lt;b&gt;Instrumento&lt;/b&gt;&lt;/td&gt;
            &lt;td&gt;VIIRS&lt;/td&gt;
        &lt;/tr&gt;

        &lt;tr&gt;
            &lt;td&gt;&lt;b&gt;Población más cercana&lt;/b&gt;&lt;/td&gt;
            &lt;td&gt;Formentera&lt;/td&gt;
        &lt;/tr&gt;

        &lt;tr&gt;
            &lt;td&gt;&lt;b&gt;Distancia&lt;/b&gt;&lt;/td&gt;
            &lt;td&gt;280.0 km&lt;/td&gt;
        &lt;/tr&gt;

        &lt;tr&gt;
            &lt;td&gt;&lt;b&gt;Latitud&lt;/b&gt;&lt;/td&gt;
            &lt;td&gt;36.629240&lt;/td&gt;
        &lt;/tr&gt;

        &lt;tr&gt;
            &lt;td&gt;&lt;b&gt;Longitud&lt;/b&gt;&lt;/td&gt;
            &lt;td&gt;3.229990&lt;/td&gt;
        &lt;/tr&gt;

    &lt;/table&gt;

    ]]&gt;
    </description>
      <Point>
        <coordinates>3.22999,36.62924,0</coordinates>
      </Point>
    </Placemark>
    <Placemark>
      <styleUrl>#area_amarilla</styleUrl>
      <Polygon>
        <outerBoundaryIs>
          <LinearRing>
            <coordinates>3.12307,36.683578982408875,0 3.1233620994858224,36.68355848797823,0 3.123645323221345,36.6834976274314,0 3.1239110651963604,36.683398250077964,0 3.1241512506783087,36.68326337559054,0 3.1243585815947785,36.68309710223633,0 3.124526758300809,36.68290448233242,0 3.1246506709904094,36.68269136871128,0 3.1247265549363514,36.68246423686445,0 3.1247521048436573,36.68222998817081,0 3.1247265448465344,36.68199574019055,0 3.1246506520277566,36.68176861039783,0 3.1245267327524964,36.681555499923796,0 3.124358552542309,36.681362883880354,0 3.1241512216258394,36.68119661463437,0 3.1239110396480476,36.68106174400742,0 3.1236453042586922,36.68096236980109,0 3.1233620893960055,36.68090151130837,0 3.12307,36.68088101759111,0 3.1227779106039937,36.68090151130837,0 3.1224946957413073,36.68096236980109,0 3.122228960351952,36.68106174400742,0 3.1219887783741602,36.68119661463437,0 3.1217814474576904,36.681362883880354,0 3.1216132672475028,36.681555499923796,0 3.121489347972243,36.68176861039783,0 3.1214134551534647,36.68199574019055,0 3.1213878951563423,36.68222998817081,0 3.121413445063648,36.68246423686445,0 3.12148932900959,36.68269136871128,0 3.1216132416991904,36.68290448233242,0 3.121781418405221,36.68309710223633,0 3.121988749321691,36.68326337559054,0 3.122228934803639,36.683398250077964,0 3.1224946767786546,36.6834976274314,0 3.122777900514177,36.68355848797823,0 3.12307,36.683578982408875,0</coordinates>
          </LinearRing>
        </outerBoundaryIs>
      </Polygon>
    </Placemark>
    <Placemark>
      <styleUrl>#pink</styleUrl>
      <name />
      <description>
    &lt;![CDATA[
    &lt;h2&gt;🔥 Incendio activo&lt;/h2&gt;

    &lt;table border="0" cellpadding="4"&gt;

        &lt;tr&gt;
            &lt;td&gt;&lt;b&gt;Focos agrupados&lt;/b&gt;&lt;/td&gt;
            &lt;td&gt;1&lt;/td&gt;
        &lt;/tr&gt;

        &lt;tr&gt;
            &lt;td&gt;&lt;b&gt;FRP máximo&lt;/b&gt;&lt;/td&gt;
            &lt;td&gt;1.3 MW&lt;/td&gt;
        &lt;/tr&gt;

        &lt;tr&gt;
            &lt;td&gt;&lt;b&gt;Confianza&lt;/b&gt;&lt;/td&gt;
            &lt;td&gt;Baja&lt;/td&gt;
        &lt;/tr&gt;

        &lt;tr&gt;
            &lt;td&gt;&lt;b&gt;Fecha&lt;/b&gt;&lt;/td&gt;
            &lt;td&gt;2026-09-28&lt;/td&gt;
        &lt;/tr&gt;

        &lt;tr&gt;
            &lt;td&gt;&lt;b&gt;Hora&lt;/b&gt;&lt;/td&gt;
            &lt;td&gt;58 UTC&lt;/td&gt;
        &lt;/tr&gt;

        &lt;tr&gt;
            &lt;td&gt;&lt;b&gt;Satélite&lt;/b&gt;&lt;/td&gt;
            &lt;td&gt;N21&lt;/td&gt;
        &lt;/tr&gt;

        &lt;tr&gt;
            &lt;td&gt;&lt;b&gt;Instrumento&lt;/b&gt;&lt;/td&gt;
            &lt;td&gt;VIIRS&lt;/td&gt;
        &lt;/tr&gt;

        &lt;tr&gt;
            &lt;td&gt;&lt;b&gt;Población más cercana&lt;/b&gt;&lt;/td&gt;
            &lt;td&gt;Formentera&lt;/td&gt;
        &lt;/tr&gt;

        &lt;tr&gt;
            &lt;td&gt;&lt;b&gt;Distancia&lt;/b&gt;&lt;/td&gt;
            &lt;td&gt;269.9 km&lt;/td&gt;
        &lt;/tr&gt;

        &lt;tr&gt;
            &lt;td&gt;&lt;b&gt;Latitud&lt;/b&gt;&lt;/td&gt;
            &lt;td&gt;36.682230&lt;/td&gt;
        &lt;/tr&gt;

        &lt;tr&gt;
            &lt;td&gt;&lt;b&gt;Longitud&lt;/b&gt;&lt;/td&gt;
            &lt;td&gt;3.123070&lt;/td&gt;
        &lt;/tr&gt;

    &lt;/table&gt;

    ]]&gt;
    </description>
      <Point>
        <coordinates>3.12307,36.68223,0</coordinates>
      </Point>
    </Placemark>
    <Placemark>
      <styleUrl>#area_amarilla</styleUrl>
      <Polygon>
        <outerBoundaryIs>
          <LinearRing>
            <coordinates>0.53993,40.57898898240889,0 0.5402384202910497,40.57896848792483,0 0.5405374688349843,40.57890762722421,0 0.5408180587071447,40.57880824963518,0 0.5410716639655554,40.57867337485873,0 0.5412905787508637,40.578507101196955,0 0.5414681514481224,40.57831448100403,0 0.5415989867927363,40.578101367147305,0 0.5416791097796884,40.57787423514669,0 0.5417060863985419,40.57763998639965,0 0.5416790975309955,40.577405738472805,0 0.5415989637727237,40.577178608833876,0 0.5414681204333432,40.576965498595456,0 0.541290543482158,40.57677288284103,0 0.5410716286968497,40.576606613902605,0 0.5408180276923655,40.57647174356466,0 0.5405374458149717,40.57637236959392,0 0.5402384080423568,40.57631151125498,0 0.53993,40.576291017591124,0 0.5396215919576433,40.57631151125498,0 0.5393225541850284,40.57637236959392,0 0.5390419723076346,40.57647174356466,0 0.5387883713031504,40.576606613902605,0 0.538569456517842,40.57677288284103,0 0.5383918795666568,40.576965498595456,0 0.5382610362272764,40.577178608833876,0 0.5381809024690045,40.577405738472805,0 0.5381539136014581,40.57763998639965,0 0.5381808902203117,40.57787423514669,0 0.5382610132072637,40.578101367147305,0 0.5383918485518776,40.57831448100403,0 0.5385694212491363,40.578507101196955,0 0.5387883360344446,40.57867337485873,0 0.5390419412928553,40.57880824963518,0 0.5393225311650157,40.57890762722421,0 0.5396215797089503,40.57896848792483,0 0.53993,40.57898898240889,0</coordinates>
          </LinearRing>
        </outerBoundaryIs>
      </Polygon>
    </Placemark>
    <Placemark>
      <styleUrl>#pink</styleUrl>
      <name />
      <description>
    &lt;![CDATA[
    &lt;h2&gt;🔥 Incendio activo&lt;/h2&gt;

    &lt;table border="0" cellpadding="4"&gt;

        &lt;tr&gt;
            &lt;td&gt;&lt;b&gt;Focos agrupados&lt;/b&gt;&lt;/td&gt;
            &lt;td&gt;1&lt;/td&gt;
        &lt;/tr&gt;

        &lt;tr&gt;
            &lt;td&gt;&lt;b&gt;FRP máximo&lt;/b&gt;&lt;/td&gt;
            &lt;td&gt;1.3 MW&lt;/td&gt;
        &lt;/tr&gt;

        &lt;tr&gt;
            &lt;td&gt;&lt;b&gt;Confianza&lt;/b&gt;&lt;/td&gt;
            &lt;td&gt;Baja&lt;/td&gt;
        &lt;/tr&gt;

        &lt;tr&gt;
            &lt;td&gt;&lt;b&gt;Fecha&lt;/b&gt;&lt;/td&gt;
            &lt;td&gt;2026-09-28&lt;/td&gt;
        &lt;/tr&gt;

        &lt;tr&gt;
            &lt;td&gt;&lt;b&gt;Hora&lt;/b&gt;&lt;/td&gt;
            &lt;td&gt;58 UTC&lt;/td&gt;
        &lt;/tr&gt;

        &lt;tr&gt;
            &lt;td&gt;&lt;b&gt;Satélite&lt;/b&gt;&lt;/td&gt;
            &lt;td&gt;N21&lt;/td&gt;
        &lt;/tr&gt;

        &lt;tr&gt;
            &lt;td&gt;&lt;b&gt;Instrumento&lt;/b&gt;&lt;/td&gt;
            &lt;td&gt;VIIRS&lt;/td&gt;
        &lt;/tr&gt;

        &lt;tr&gt;
            &lt;td&gt;&lt;b&gt;Población más cercana&lt;/b&gt;&lt;/td&gt;
            &lt;td&gt;Alcanar&lt;/td&gt;
        &lt;/tr&gt;

        &lt;tr&gt;
            &lt;td&gt;&lt;b&gt;Distancia&lt;/b&gt;&lt;/td&gt;
            &lt;td&gt;6.2 km&lt;/td&gt;
        &lt;/tr&gt;

        &lt;tr&gt;
            &lt;td&gt;&lt;b&gt;Latitud&lt;/b&gt;&lt;/td&gt;
            &lt;td&gt;40.577640&lt;/td&gt;
        &lt;/tr&gt;

        &lt;tr&gt;
            &lt;td&gt;&lt;b&gt;Longitud&lt;/b&gt;&lt;/td&gt;
            &lt;td&gt;0.539930&lt;/td&gt;
        &lt;/tr&gt;

    &lt;/table&gt;

    ]]&gt;
    </description>
      <Point>
        <coordinates>0.53993,40.57764,0</coordinates>
      </Point>
    </Placemark>
  </Document>
</kml>